OrderID,CustomerID,OrderDate,Count,TotalAmount,Status
1,4463,2024-09-10 08:34:41,3,117.54,Pending
2,4594,2024-05-17 01:38:20,2,128.33,Completed
3,3281,2024-11-26 06:13:51,1,22.74,Completed
4,4168,2024-09-21 19:57:35,1,5579.64,Pending
5,2687,2024-12-15 07:26:12,1,57.6,Shipped
6,167,2024-08-30 11:28:26,2,47.13,Shipped
7,50,2024-07-18 10:45:54,1,100.72,Shipped
8,2405,2024-02-06 11:26:22,2,470.4,Pending
9,1752,2024-08-18 21:57:50,1,43.16,Shipped
10,2256,2024-10-05 03:31:04,2,31.87,Shipped
11,2646,2024-01-02 02:53:38,3,1158.18,Completed
12,268,2024-03-18 05:03:20,1,1.2,Shipped
13,2549,2024-11-04 05:22:51,1,43.18,Shipped
14,214,2024-03-17 18:02:14,3,219.56,Shipped
15,3372,2024-02-25 17:51:18,3,108.22,Shipped
16,2260,2024-02-20 16:12:05,2,290.35,Shipped
17,2051,2024-05-10 02:29:59,1,47.96,Shipped
18,4067,2024-11-05 13:45:09,3,143.92,Shipped
19,4349,2024-11-27 03:49:44,1,122.36,Pending
20,642,2024-05-04 05:47:26,1,23.99,Pending
21,3290,2024-08-29 09:55:54,1,89.82,Completed
22,3457,2024-03-02 16:42:36,2,345.52,Shipped
23,4487,2024-11-04 11:38:53,3,400.48,Shipped
24,2313,2024-05-12 13:12:14,2,791.84,Pending
25,1727,2024-05-11 15:56:50,2,116.39,Pending
26,616,2024-04-17 20:19:12,3,123.58,Completed
27,4943,2024-02-12 10:05:29,1,77.98,Shipped
28,4634,2024-05-28 14:21:50,3,160.69,Pending
29,1169,2024-02-04 10:45:56,1,423.34,Completed
30,2826,2024-09-01 00:07:01,2,143.84,Shipped
31,4300,2024-03-28 15:15:45,2,44.64,Shipped
32,4984,2024-08-09 21:25:03,2,172.73,Shipped
33,4067,2024-11-21 07:41:29,2,1553.0,Completed
34,2744,2024-10-03 20:45:03,2,131.93,Pending
35,585,2024-10-24 04:24:16,2,151.15,Shipped
36,3877,2024-09-14 11:54:30,1,23.98,Completed
37,3371,2024-01-02 11:04:38,2,59.6,Completed
38,1135,2024-01-18 13:07:57,2,77.67,Shipped
39,3133,2024-02-20 06:37:47,1,47.96,Pending
40,3812,2024-03-21 11:05:48,1,0.0,Shipped
41,1385,2024-08-04 10:28:12,1,57.57,Completed
42,4623,2024-09-26 18:29:37,2,359.96,Completed
43,4628,2024-04-25 23:29:52,3,120.48,Shipped
44,1853,2024-05-14 05:50:44,2,37.14,Shipped
45,1127,2024-05-01 10:45:35,2,14.13,Pending
46,2623,2024-04-25 04:56:04,1,28.8,Shipped
47,384,2024-08-12 16:08:31,2,75.39,Shipped
48,1391,2024-02-17 12:38:06,3,145.13,Pending
49,4193,2024-11-06 19:57:14,3,426.57,Shipped
50,2950,2024-05-29 16:03:33,2,851.96,Shipped
51,2604,2024-06-19 02:14:38,3,121.87,Pending
52,2898,2024-11-09 23:17:16,1,14.38,Pending
53,898,2024-09-08 20:55:41,3,617.35,Completed
54,2567,2024-05-29 02:20:09,2,531.3,Completed
55,1707,2024-03-13 22:54:19,2,76.13,Pending
56,1328,2024-09-22 19:52:59,2,21.94,Completed
57,3018,2024-01-21 13:32:09,1,5.24,Completed
58,307,2024-04-05 06:29:41,2,77.96,Shipped
59,4840,2024-11-22 09:40:25,1,53.97,Pending
60,3229,2024-11-17 17:56:03,2,41.98,Pending
61,935,2024-07-05 11:25:45,3,205.14,Shipped
62,225,2024-04-29 05:11:51,2,41.73,Shipped
63,3651,2024-07-24 01:12:23,1,623.96,Shipped
64,1561,2024-09-05 17:30:28,3,47.88,Completed
65,1906,2024-09-17 05:53:28,1,722.16,Pending
66,3004,2024-08-02 09:22:05,2,270.71,Pending
67,4975,2024-10-30 20:10:37,3,43.19,Completed
68,1420,2024-11-05 14:12:23,3,38.23,Shipped
69,2495,2024-10-15 15:26:59,3,333.53,Completed
70,888,2024-01-16 04:26:43,2,77.02,Pending
71,3047,2024-03-25 11:16:28,3,581.97,Shipped
72,481,2024-08-28 01:43:34,3,81.41,Shipped
73,3495,2024-07-01 10:24:29,1,3.0,Pending
74,3380,2024-02-29 18:25:28,1,109.92,Completed
75,1602,2024-10-02 04:55:03,3,376.54,Shipped
76,1941,2024-06-24 03:49:11,3,56.36,Shipped
77,3910,2024-02-10 21:47:04,1,7.2,Completed
78,2224,2024-01-22 03:49:54,2,83.49,Completed
79,2441,2024-11-06 11:27:36,2,14.76,Completed
80,4826,2024-08-07 05:00:43,1,11.98,Completed
81,4603,2024-12-09 15:48:49,2,220.79,Pending
82,2665,2024-04-05 21:20:30,1,20.39,Pending
83,398,2024-02-29 21:40:05,3,958.88,Pending
84,4750,2024-12-04 22:31:18,2,9.8,Completed
85,1295,2024-12-30 07:25:34,1,50.16,Pending
86,1133,2024-08-21 05:28:48,3,145.11,Shipped
87,4357,2024-12-31 01:28:35,3,139.83,Pending
88,2051,2024-02-20 13:58:27,2,298.41,Shipped
89,4590,2024-02-15 20:19:20,3,76.04,Shipped
90,1075,2024-12-27 21:17:35,2,187.44,Shipped
91,785,2024-08-11 17:09:04,2,86.34,Shipped
92,1706,2024-04-09 23:48:02,2,203.74,Pending
93,428,2024-04-17 18:28:06,1,119.98,Completed
94,2440,2024-02-29 10:22:40,1,17.97,Pending
95,603,2024-08-09 07:59:38,1,47.96,Completed
96,826,2024-10-30 11:56:32,3,204.89,Pending
97,4102,2024-12-10 09:59:56,2,87.6,Completed
98,4617,2024-10-14 10:40:03,3,235.38,Shipped
99,1627,2024-09-16 22:23:49,3,124.76,Shipped
100,3874,2024-04-15 22:44:10,1,57.56,Shipped
101,4007,2024-05-11 22:23:27,3,117.54,Shipped
102,1754,2024-04-23 20:03:41,1,13.26,Completed
103,2415,2024-01-26 23:49:14,1,46.77,Completed
104,484,2024-08-11 19:54:53,1,79.17,Shipped
105,3666,2024-01-08 20:44:48,3,47.7,Shipped
106,1897,2024-11-09 17:13:56,2,22.26,Shipped
107,3878,2024-05-03 10:01:46,2,1226.39,Completed
108,447,2024-08-20 18:13:27,3,2055.03,Completed
109,2647,2024-06-29 19:45:13,1,38.36,Pending
110,310,2024-11-10 13:48:45,3,345.32,Completed
111,898,2024-07-27 10:45:56,3,1773.54,Shipped
112,76,2024-11-01 23:19:46,3,689.82,Pending
113,1057,2024-08-08 17:47:31,3,43.47,Shipped
114,2181,2024-04-20 21:19:06,1,1543.4,Shipped
115,4787,2024-03-18 08:04:43,1,155.99,Completed
116,4882,2024-07-08 00:33:20,2,165.56,Pending
117,3908,2024-12-22 17:58:47,3,1209.35,Completed
118,2689,2024-06-11 19:01:20,2,85.15,Completed
119,4328,2024-06-04 20:45:16,3,79.6,Pending
120,4570,2024-05-12 11:05:49,1,0.0,Completed
121,4802,2024-07-02 19:54:07,3,215.94,Shipped
122,4432,2024-11-16 18:17:41,1,18.24,Completed
123,4104,2024-04-26 11:42:41,3,494.67,Shipped
124,1816,2024-03-31 16:26:14,2,82.76,Pending
125,1223,2024-12-07 23:12:35,1,132.0,Completed
126,2740,2024-10-11 13:34:25,2,239.93,Pending
127,4596,2024-02-09 12:37:11,2,174.75,Completed
128,2041,2024-10-18 20:14:54,1,53.97,Pending
129,1124,2024-05-30 16:39:17,3,227.69,Shipped
130,4182,2024-04-12 18:35:14,2,64.03,Pending
131,4428,2024-08-04 08:47:19,2,73.4,Pending
132,1206,2024-10-19 00:54:33,1,23.98,Shipped
133,91,2024-04-28 07:35:31,1,180.8,Shipped
134,2035,2024-09-27 05:37:33,3,1387.09,Shipped
135,1391,2024-06-05 21:26:22,3,110.32,Completed
136,3643,2024-06-18 09:49:42,1,31.16,Completed
137,4653,2024-03-28 11:43:56,3,197.95,Pending
138,652,2024-09-09 01:00:33,2,893.4,Shipped
139,3244,2024-01-03 11:49:12,2,305.74,Shipped
140,4214,2024-02-12 07:47:38,1,9.6,Pending
141,4807,2024-02-10 22:00:00,1,38.36,Pending
142,1509,2024-01-03 20:54:24,2,297.62,Shipped
143,2487,2024-04-12 04:29:13,1,47.96,Pending
144,1542,2024-10-20 06:24:32,2,145.78,Completed
145,5000,2024-02-05 08:01:43,1,7.32,Completed
146,433,2024-09-25 18:09:09,2,35.97,Completed
147,1956,2024-11-21 06:28:43,2,38.88,Completed
148,833,2024-06-20 16:02:36,1,170.4,Pending
149,3427,2024-02-23 15:39:42,2,71.97,Shipped
150,2519,2024-06-19 22:38:25,3,89.79,Shipped
151,981,2024-09-10 09:07:45,2,160.78,Completed
152,3448,2024-06-11 20:43:37,3,77.31,Shipped
153,1272,2024-12-08 17:12:22,2,159.56,Pending
154,4364,2024-12-02 22:34:07,3,233.25,Shipped
155,3851,2024-12-22 20:00:16,3,58.28,Completed
156,4834,2024-04-19 16:51:07,3,748.67,Completed
157,398,2024-01-03 09:50:39,1,179.64,Completed
158,167,2024-06-25 22:35:29,3,53.12,Shipped
159,2611,2024-10-16 00:42:13,1,82.77,Pending
160,1083,2024-04-10 19:02:21,3,101.86,Shipped
161,21,2024-10-08 10:55:59,3,145.92,Completed
162,2504,2024-05-25 20:26:14,1,23.98,Pending
163,4247,2024-05-25 19:15:16,3,115.12,Shipped
164,1459,2024-07-31 18:39:21,1,7.32,Shipped
165,2628,2024-10-23 19:53:13,3,59.17,Completed
166,1258,2024-05-27 18:53:50,1,36.0,Pending
167,3597,2024-02-22 07:11:50,3,146.33,Pending
168,941,2024-01-21 23:45:54,1,5.99,Pending
169,3252,2024-11-16 00:17:03,2,26.22,Pending
170,760,2024-02-09 15:49:51,2,50.18,Completed
171,3198,2024-10-08 23:14:41,3,70.2,Pending
172,1433,2024-03-04 00:08:20,2,129.99,Shipped
173,4538,2024-04-08 14:19:15,1,35.98,Pending
174,1628,2024-06-29 19:46:00,1,107.97,Pending
175,2865,2024-07-24 22:06:01,1,0.0,Completed
176,129,2024-12-03 07:12:11,3,67.41,Shipped
177,559,2024-06-23 20:18:00,1,15.59,Shipped
178,1562,2024-08-10 14:09:27,1,967.56,Completed
179,2690,2024-01-11 06:40:30,1,115.16,Shipped
180,2874,2024-12-05 07:04:03,1,14.38,Completed
181,2112,2024-11-12 22:26:25,3,222.58,Pending
182,4701,2024-09-05 02:18:03,1,7.19,Pending
183,2717,2024-11-28 22:59:06,1,47.96,Pending
184,532,2024-03-11 09:19:58,1,42.88,Completed
185,2827,2024-05-10 14:51:25,2,79.15,Shipped
186,470,2024-05-04 17:32:57,1,47.98,Pending
187,161,2024-03-31 07:23:56,3,286.11,Pending
188,555,2024-04-23 15:11:21,2,93.1,Shipped
189,2713,2024-02-05 13:10:21,1,71.96,Completed
190,73,2024-03-13 21:49:27,2,43.17,Pending
191,111,2024-07-26 05:29:54,2,118.78,Pending
192,3341,2024-12-15 14:34:12,1,30.0,Completed
193,811,2024-11-24 04:20:09,2,34.73,Completed
194,1379,2024-05-05 17:05:02,1,779.99,Shipped
195,719,2024-06-05 22:14:26,3,149.58,Completed
196,1881,2024-02-22 12:07:56,3,1282.08,Completed
197,399,2024-12-04 21:49:27,2,201.51,Pending
198,4344,2024-06-09 04:07:43,1,119.99,Pending
199,3638,2024-02-21 06:28:43,1,180.0,Shipped
200,3757,2024-08-18 02:32:19,1,17.97,Completed
201,3736,2024-07-01 00:33:45,3,1696.43,Pending
202,572,2024-12-08 01:46:49,1,479.52,Shipped
203,2561,2024-09-26 14:19:14,3,39.57,Completed
204,4275,2024-03-14 03:01:26,3,172.66,Completed
205,4376,2024-04-22 21:02:32,2,38.39,Completed
206,2234,2024-11-05 07:42:32,1,429.69,Completed
207,4414,2024-11-08 15:33:37,2,291.25,Shipped
208,4260,2024-12-14 20:30:11,1,105.56,Shipped
209,3722,2024-10-06 08:34:05,1,7.19,Pending
210,4947,2024-03-20 19:22:38,2,223.64,Pending
211,471,2024-09-02 04:20:49,3,87.56,Pending
212,3332,2024-01-08 01:55:20,3,176.16,Pending
213,4379,2024-05-31 04:38:15,2,91.4,Shipped
214,3767,2024-12-03 00:51:19,1,38.4,Completed
215,4638,2024-01-27 00:30:51,3,235.08,Completed
216,4345,2024-06-26 00:44:23,3,596.14,Shipped
217,1318,2024-04-23 14:51:29,1,23.98,Completed
218,2970,2024-01-05 23:48:56,2,148.02,Shipped
219,3819,2024-06-02 07:20:48,2,226.06,Pending
220,3396,2024-06-27 09:21:47,1,23.96,Completed
221,4323,2024-10-26 17:47:59,2,167.93,Completed
222,2808,2024-11-18 15:05:54,3,161.94,Completed
223,1444,2024-11-03 05:52:35,3,265.13,Completed
224,2475,2024-10-05 09:42:31,3,222.44,Shipped
225,1905,2024-11-28 22:12:38,2,94.66,Completed
226,1314,2024-05-04 10:05:29,1,55.18,Shipped
227,1013,2024-05-28 01:25:35,3,81.21,Completed
228,3318,2024-08-29 22:34:46,1,76.76,Completed
229,1843,2024-03-18 03:24:07,3,242.34,Completed
230,3587,2024-01-13 00:28:44,3,449.95,Shipped
231,4964,2024-03-03 23:35:20,2,47.98,Shipped
232,3427,2024-02-04 10:58:55,1,359.97,Pending
233,2069,2024-10-02 10:05:32,1,11.98,Shipped
234,1534,2024-07-29 12:27:45,2,39.34,Completed
235,326,2024-06-22 00:13:54,2,82.44,Completed
236,141,2024-08-27 10:21:13,2,112.02,Pending
237,2356,2024-01-07 22:11:29,3,273.5,Pending
238,2157,2024-08-07 05:42:44,2,567.48,Pending
239,4288,2024-08-25 18:45:26,2,46.17,Completed
240,2374,2024-12-05 17:35:08,3,1153.99,Completed
241,2025,2024-12-09 14:51:14,2,153.24,Shipped
242,2635,2024-08-12 19:32:06,2,74.61,Shipped
243,1610,2024-04-16 12:55:47,1,702.0,Pending
244,1731,2024-09-14 19:10:33,1,7.17,Shipped
245,5,2024-01-11 17:21:46,1,95.96,Completed
246,2087,2024-10-09 16:57:24,3,405.99,Pending
247,3929,2024-06-23 16:27:47,2,197.99,Shipped
248,3738,2024-10-05 13:51:19,1,336.0,Completed
249,1521,2024-07-13 09:55:52,2,280.78,Shipped
250,4359,2024-09-16 01:58:14,2,160.28,Shipped
251,2417,2024-09-13 23:31:59,1,8.39,Shipped
252,3037,2024-09-18 00:29:26,1,0.0,Shipped
253,588,2024-08-13 14:23:26,2,64.73,Completed
254,3234,2024-09-25 18:07:30,3,148.74,Pending
255,3853,2024-03-19 13:45:21,2,253.51,Pending
256,3019,2024-04-27 13:18:04,3,410.7,Pending
257,4644,2024-01-20 03:17:04,3,64.78,Completed
258,2602,2024-11-22 09:39:35,1,46.77,Pending
259,2975,2024-04-19 01:03:14,1,16.8,Pending
260,4173,2024-04-24 10:51:50,1,134.36,Pending
261,3409,2024-10-03 21:41:17,2,16.78,Pending
262,1303,2024-04-15 22:46:35,1,14.38,Pending
263,1328,2024-01-23 05:25:10,2,32.98,Pending
264,736,2024-04-18 11:59:05,2,124.76,Pending
265,2531,2024-10-23 13:35:06,1,43.2,Shipped
266,1162,2024-01-19 09:32:26,1,31.18,Shipped
267,4391,2024-08-21 14:58:24,3,99.5,Shipped
268,3898,2024-08-04 22:57:57,3,43.18,Pending
269,4453,2024-03-29 04:38:26,2,55.17,Pending
270,62,2024-12-08 05:58:01,2,62.32,Shipped
271,1171,2024-05-11 19:20:54,3,299.84,Shipped
272,2225,2024-01-17 14:49:33,1,12.57,Shipped
273,1128,2024-07-25 04:23:47,3,124.72,Pending
274,2624,2024-11-19 21:29:31,2,65.98,Completed
275,2947,2024-09-14 19:44:48,2,201.52,Pending
276,3428,2024-12-31 03:31:57,1,7.19,Completed
277,1987,2024-07-12 04:30:15,1,722.4,Shipped
278,273,2024-02-26 10:36:16,2,48.0,Completed
279,3712,2024-01-05 12:16:46,3,91.56,Pending
280,1563,2024-08-08 17:46:12,1,8.97,Completed
281,2806,2024-05-23 09:16:41,2,223.8,Shipped
282,2183,2024-02-22 04:49:07,2,68.36,Shipped
283,3895,2024-04-10 12:04:03,1,0.0,Completed
284,2552,2024-04-07 04:03:00,3,1001.66,Pending
285,4557,2024-09-04 07:25:59,3,88.62,Completed
286,1766,2024-07-20 11:32:06,1,17.99,Pending
287,2993,2024-12-28 14:06:10,3,285.5,Completed
288,1519,2024-08-22 21:54:50,1,15.36,Completed
289,2530,2024-04-24 15:56:20,1,31.18,Completed
290,545,2024-03-08 23:08:31,3,85.88,Completed
291,3450,2024-03-14 00:11:43,2,99.59,Shipped
292,1716,2024-03-12 06:18:32,2,134.38,Pending
293,534,2024-10-03 18:34:32,2,98.66,Pending
294,3882,2024-07-09 20:11:34,3,78.43,Completed
295,4436,2024-03-08 01:35:52,1,396.0,Shipped
296,3820,2024-10-29 10:28:04,2,1235.46,Shipped
297,1465,2024-08-03 06:26:40,2,128.35,Pending
298,2850,2024-08-08 22:04:43,3,130.26,Pending
299,430,2024-06-27 13:24:40,2,142.75,Shipped
300,4925,2024-04-09 19:43:41,2,42.7,Pending
301,1555,2024-05-25 12:09:36,2,116.6,Pending
302,866,2024-07-25 13:32:23,3,172.83,Completed
303,4742,2024-09-15 20:57:00,1,71.97,Pending
304,4054,2024-11-25 20:40:06,2,145.52,Completed
305,3941,2024-07-18 07:55:13,3,272.33,Pending
306,1700,2024-12-04 11:32:18,1,43.16,Shipped
307,2921,2024-09-20 05:07:10,2,69.5,Completed
308,223,2024-03-30 04:21:21,3,29.4,Shipped
309,1315,2024-08-25 03:33:57,2,158.51,Pending
310,3087,2024-05-22 03:38:42,2,158.33,Shipped
311,531,2024-05-12 00:22:48,3,87.56,Completed
312,950,2024-11-05 17:38:33,3,110.31,Shipped
313,2923,2024-08-07 00:59:37,3,53.36,Completed
314,4242,2024-07-16 09:39:33,1,11.98,Shipped
315,3682,2024-03-24 14:49:20,3,75.93,Pending
316,3545,2024-08-13 02:15:59,3,478.02,Shipped
317,1155,2024-10-17 00:33:01,1,133.17,Pending
318,1841,2024-09-30 19:29:05,3,140.38,Shipped
319,714,2024-08-05 06:50:31,2,275.96,Shipped
320,626,2024-08-28 19:35:01,2,115.18,Shipped
321,4284,2024-05-11 08:21:27,2,64.78,Completed
322,3405,2024-03-18 21:34:20,2,62.32,Pending
323,3954,2024-08-30 13:29:20,3,51.46,Pending
324,1921,2024-09-11 02:06:09,3,98.07,Completed
325,4999,2024-05-12 12:41:55,3,40.69,Shipped
326,3468,2024-10-18 17:11:01,1,55.16,Shipped
327,4942,2024-11-18 03:13:53,3,133.28,Shipped
328,2296,2024-10-02 20:22:03,1,11.96,Completed
329,1721,2024-04-08 18:35:01,2,80.59,Pending
330,261,2024-11-24 14:00:12,2,282.78,Pending
331,4490,2024-12-11 04:28:42,3,263.93,Pending
332,1864,2024-12-30 17:44:46,3,2148.09,Pending
333,4219,2024-04-23 03:58:15,2,1206.52,Completed
334,4566,2024-02-28 02:10:51,1,0.0,Completed
335,4787,2024-10-23 06:31:00,1,47.96,Pending
336,2719,2024-08-18 16:19:19,1,147.6,Shipped
337,4231,2024-05-21 18:30:05,1,17.99,Shipped
338,3347,2024-09-24 19:09:38,1,2879.52,Completed
339,4372,2024-04-26 04:21:40,3,123.55,Completed
340,3941,2024-07-22 11:31:40,1,11.99,Shipped
341,4560,2024-06-04 21:21:31,3,53.75,Completed
342,631,2024-09-25 12:18:39,3,182.31,Shipped
343,3369,2024-11-27 11:50:02,2,88.6,Completed
344,1863,2024-11-05 13:36:51,2,51.84,Pending
345,1412,2024-11-01 23:28:44,1,899.97,Completed
346,2769,2024-01-29 07:18:59,3,67.64,Pending
347,2954,2024-08-16 02:48:33,2,111.29,Shipped
348,105,2024-11-22 11:11:59,2,39.82,Completed
349,3191,2024-07-08 23:56:15,3,63.75,Completed
350,144,2024-10-16 06:41:41,3,813.14,Completed
351,142,2024-11-04 17:40:42,1,4.56,Pending
352,479,2024-09-30 18:49:04,1,105.56,Shipped
353,1493,2024-04-11 19:15:34,1,204.0,Shipped
354,4558,2024-09-03 10:37:19,2,28.76,Completed
355,1649,2024-07-14 14:25:42,1,23.99,Shipped
356,4761,2024-06-24 04:03:43,1,14.37,Shipped
357,2279,2024-08-06 08:01:21,3,6.59,Shipped
358,4040,2024-03-07 23:42:06,1,3023.64,Pending
359,4117,2024-02-23 12:15:36,1,28.76,Pending
360,4837,2024-11-23 07:39:58,3,206.19,Shipped
361,3507,2024-02-18 04:47:51,1,71.97,Shipped
362,3881,2024-04-22 08:52:18,1,47.99,Shipped
363,3607,2024-08-30 11:09:55,1,47.98,Pending
364,1765,2024-12-27 07:52:05,1,125.97,Completed
365,1136,2024-11-09 20:39:10,1,17.99,Pending
366,2073,2024-05-28 02:19:12,1,35.98,Pending
367,163,2024-10-25 08:17:58,2,18.59,Shipped
368,399,2024-04-17 05:30:42,1,32.74,Pending
369,959,2024-01-26 11:34:48,3,89.8,Completed
370,2006,2024-10-31 08:23:49,1,120.0,Shipped
371,3626,2024-05-21 06:46:13,1,35.97,Completed
372,1945,2024-06-07 19:45:13,2,35.96,Pending
373,4975,2024-08-31 18:07:57,1,1771.2,Pending
374,3198,2024-07-15 00:40:08,1,25.18,Pending
375,3916,2024-12-09 06:13:26,1,0.0,Completed
376,1224,2024-01-18 13:05:52,3,171.53,Completed
377,4232,2024-12-25 13:21:09,3,526.75,Pending
378,812,2024-06-10 04:44:07,2,175.15,Completed
379,3886,2024-04-03 22:46:46,2,155.97,Completed
380,1374,2024-12-03 17:46:54,3,92.84,Pending
381,88,2024-08-09 08:11:43,2,53.2,Shipped
382,188,2024-10-15 23:45:13,2,47.97,Completed
383,939,2024-07-06 17:51:35,2,356.0,Pending
384,3832,2024-08-10 03:55:00,3,207.68,Pending
385,2198,2024-06-26 21:18:15,3,112.74,Shipped
386,2013,2024-03-19 23:27:07,2,85.77,Pending
387,605,2024-07-15 01:22:52,1,59.98,Shipped
388,2177,2024-12-24 03:46:25,2,59.4,Pending
389,3467,2024-06-10 04:49:17,1,14.88,Shipped
390,3615,2024-10-17 02:50:57,3,38.76,Shipped
391,854,2024-11-15 07:19:43,2,98.48,Completed
392,2380,2024-12-16 07:34:00,2,148.72,Pending
393,3187,2024-06-22 03:20:59,1,43.18,Pending
394,3794,2024-12-08 21:44:06,1,6.59,Completed
395,1644,2024-11-25 21:26:34,1,21.57,Shipped
396,4941,2024-02-22 21:41:37,3,61.16,Completed
397,3703,2024-06-08 22:20:27,2,58.78,Pending
398,4516,2024-04-04 01:49:12,3,323.1,Shipped
399,3954,2024-06-07 15:26:52,2,32.89,Shipped
400,2260,2024-07-21 07:03:48,1,28.76,Pending
401,2181,2024-12-13 09:39:12,2,55.15,Completed
402,1458,2024-12-19 20:41:53,2,28958.74,Completed
403,1107,2024-11-18 17:05:02,3,577.38,Shipped
404,2183,2024-05-27 10:10:31,1,32.37,Pending
405,2072,2024-08-17 00:47:28,2,69.52,Pending
406,2842,2024-07-03 09:07:55,3,104.34,Shipped
407,2699,2024-11-04 19:55:36,2,94.29,Pending
408,3949,2024-08-04 20:43:50,3,665.53,Shipped
409,891,2024-04-27 10:04:44,3,223.82,Pending
410,2427,2024-09-21 00:55:32,1,12.0,Shipped
411,3008,2024-04-08 14:12:19,2,63.29,Pending
412,4481,2024-02-19 20:50:36,3,158.06,Completed
413,4332,2024-01-30 07:42:36,3,50.37,Completed
414,2667,2024-12-28 06:50:19,1,17.99,Completed
415,4158,2024-07-12 22:16:06,3,239.98,Pending
416,115,2024-06-05 04:16:16,1,179.97,Completed
417,1928,2024-08-20 16:55:20,1,794.37,Pending
418,3049,2024-09-05 09:12:54,3,254.15,Pending
419,3309,2024-12-30 01:37:48,2,570.58,Pending
420,4328,2024-08-15 03:53:04,3,220.76,Completed
421,403,2024-01-31 10:11:59,3,591.32,Completed
422,1891,2024-05-08 02:55:58,2,33.59,Pending
423,3478,2024-05-24 10:26:34,2,32.45,Completed
424,3268,2024-09-29 23:19:22,1,7.2,Pending
425,1385,2024-10-27 07:03:57,3,142.72,Completed
426,3111,2024-03-19 00:02:05,2,532.56,Pending
427,921,2024-03-01 02:28:20,1,47.96,Pending
428,2380,2024-03-13 10:21:00,2,81.58,Shipped
429,3889,2024-04-13 01:36:02,2,139.16,Pending
430,1761,2024-09-15 22:07:04,3,176.81,Completed
431,2645,2024-01-23 21:42:55,1,25.17,Shipped
432,4654,2024-10-09 08:46:31,3,258.32,Shipped
433,4513,2024-03-23 04:42:52,3,374.35,Pending
434,4397,2024-09-08 19:50:05,3,365.76,Completed
435,2370,2024-05-15 00:37:34,3,180.59,Completed
436,308,2024-10-04 04:20:46,2,116.81,Pending
437,4975,2024-08-11 02:56:47,3,5494.54,Shipped
438,2934,2024-02-01 14:05:01,2,53.95,Completed
439,3014,2024-08-12 09:57:14,3,76.88,Completed
440,2863,2024-08-23 23:05:02,1,1284.0,Shipped
441,3162,2024-09-08 07:33:28,3,575.6,Shipped
442,2294,2024-03-16 15:59:57,3,33.58,Completed
443,997,2024-05-05 12:19:49,1,0.0,Pending
444,2617,2024-12-06 15:33:59,3,56.94,Shipped
445,1143,2024-05-20 11:20:56,1,12.0,Pending
446,4869,2024-03-05 10:06:43,1,25.2,Pending
447,4006,2024-12-07 09:32:04,2,43.3,Completed
448,2363,2024-11-03 06:54:04,3,86.09,Completed
449,4781,2024-10-02 10:49:35,1,88.02,Completed
450,4265,2024-07-21 18:07:11,1,64.2,Pending
451,868,2024-04-20 16:03:12,2,179.97,Shipped
452,4427,2024-04-05 22:41:42,3,51.53,Pending
453,4218,2024-01-20 06:46:39,1,22.78,Completed
454,917,2024-01-28 11:58:16,2,52.75,Pending
455,1238,2024-08-08 15:54:36,3,351.11,Completed
456,3068,2024-09-13 09:09:01,1,1555.28,Completed
457,4982,2024-09-11 09:56:13,1,47.88,Pending
458,246,2024-06-15 15:37:47,3,1037.22,Completed
459,1978,2024-08-26 07:36:21,3,775.06,Pending
460,909,2024-12-05 07:01:46,3,2968.76,Completed
461,2438,2024-03-12 15:40:21,3,178.66,Completed
462,3068,2024-05-19 20:40:42,2,38.35,Shipped
463,2116,2024-11-01 20:07:03,3,183.89,Pending
464,4751,2024-08-03 13:11:36,2,129.54,Shipped
465,748,2024-06-11 13:06:20,2,104.35,Completed
466,1192,2024-08-15 18:54:16,2,95.98,Completed
467,296,2024-04-26 17:30:49,3,1109.87,Pending
468,4617,2024-04-20 19:57:35,3,225.75,Completed
469,249,2024-05-08 06:58:13,2,47.94,Pending
470,1821,2024-07-16 19:55:23,1,287.97,Pending
471,2862,2024-01-16 16:49:46,2,161.95,Pending
472,3761,2024-06-29 00:05:32,2,47.98,Shipped
473,2553,2024-05-13 14:57:16,2,175.77,Completed
474,2450,2024-10-24 11:55:22,2,55.57,Shipped
475,1638,2024-01-31 18:17:40,2,67.15,Shipped
476,1523,2024-01-15 19:37:42,3,286.04,Completed
477,2043,2024-04-19 20:01:30,1,10.79,Pending
478,3291,2024-02-10 07:28:22,2,197.9,Pending
479,258,2024-08-25 19:52:13,1,119.96,Shipped
480,2249,2024-01-12 09:00:09,1,424.77,Shipped
481,4119,2024-01-27 18:03:53,3,567.69,Completed
482,722,2024-12-22 14:33:51,2,40.55,Completed
483,2371,2024-07-11 07:37:44,1,110.36,Shipped
484,1770,2024-11-18 18:55:25,1,9.59,Completed
485,3925,2024-08-19 07:18:30,3,195.67,Completed
486,4859,2024-04-20 04:29:42,2,312.52,Shipped
487,889,2024-01-16 18:33:37,1,21.58,Pending
488,2616,2024-04-16 22:06:17,3,348.96,Completed
489,3847,2024-02-09 04:02:44,2,64.13,Shipped
490,4544,2024-10-15 22:40:42,3,309.15,Shipped
491,2815,2024-06-08 11:31:37,1,96.0,Shipped
492,2765,2024-12-22 16:13:50,2,40.77,Shipped
493,1929,2024-07-10 21:18:21,3,1203.43,Completed
494,1723,2024-10-08 12:16:07,1,62.4,Pending
495,3089,2024-05-08 09:36:10,3,80.63,Shipped
496,2720,2024-01-29 10:29:23,2,50.4,Shipped
497,2921,2024-05-24 10:05:23,2,70.78,Completed
498,2922,2024-02-16 15:45:26,2,193.42,Shipped
499,3279,2024-08-27 08:24:50,1,47.96,Pending
500,1347,2024-11-03 02:05:51,2,86.15,Pending
501,2400,2024-04-04 06:14:03,3,109.31,Pending
502,2870,2024-05-29 17:05:46,3,137.85,Shipped
503,17,2024-08-03 20:14:40,1,119.99,Completed
504,1134,2024-11-05 18:10:44,1,52.76,Completed
505,1371,2024-09-17 02:14:11,3,533.92,Pending
506,1065,2024-09-14 11:52:52,1,83.99,Shipped
507,4967,2024-10-07 04:50:54,2,76.15,Completed
508,4689,2024-10-30 00:10:17,2,59.63,Completed
509,2307,2024-07-28 04:50:46,3,164.36,Shipped
510,4085,2024-07-22 06:05:05,2,101.95,Shipped
511,1442,2024-12-09 20:07:42,1,35.99,Completed
512,1594,2024-11-03 17:18:18,3,179.69,Shipped
513,758,2024-04-17 13:52:22,2,23.98,Shipped
514,2719,2024-02-21 17:08:02,2,22.77,Shipped
515,3967,2024-07-10 01:52:33,1,67.2,Completed
516,2301,2024-02-04 23:53:45,2,53.96,Completed
517,3046,2024-12-10 05:28:58,3,62.34,Completed
518,3909,2024-02-02 09:05:07,2,95.9,Pending
519,3099,2024-12-23 06:21:52,3,173.99,Shipped
520,698,2024-11-08 01:21:26,2,354.7,Pending
521,4353,2024-09-01 03:14:04,3,124.68,Shipped
522,1848,2024-08-14 04:37:25,3,50.82,Pending
523,2764,2024-03-06 23:35:58,2,107.1,Shipped
524,1768,2024-05-06 09:33:44,3,134.02,Shipped
525,4830,2024-03-25 07:43:26,3,119.95,Completed
526,3192,2024-06-21 14:33:17,3,549.43,Pending
527,2768,2024-03-29 09:11:42,3,53.48,Pending
528,4936,2024-06-26 17:55:08,3,32.01,Completed
529,1367,2024-11-02 23:13:19,1,35.96,Pending
530,441,2024-05-14 06:44:18,1,12.0,Completed
531,4599,2024-03-24 03:29:52,1,5.1,Completed
532,894,2024-05-31 18:48:19,3,590.95,Shipped
533,4517,2024-07-08 16:51:09,3,145.17,Completed
534,98,2024-01-03 09:27:44,1,22.08,Completed
535,149,2024-07-19 12:50:37,2,105.58,Pending
536,2030,2024-10-03 21:31:52,3,728.86,Completed
537,3032,2024-03-09 15:27:49,1,2.39,Shipped
538,4520,2024-08-10 01:13:17,3,173.96,Shipped
539,657,2024-06-11 10:28:39,2,121.16,Pending
540,3849,2024-03-29 09:12:56,3,386.84,Completed
541,934,2024-02-21 17:23:55,2,85.82,Pending
542,1121,2024-01-01 12:32:29,3,92.33,Completed
543,188,2024-10-28 18:25:59,3,93.54,Completed
544,960,2024-04-14 05:47:31,2,836.31,Shipped
545,1836,2024-08-26 11:16:51,1,1.3,Shipped
546,1964,2024-04-20 11:49:43,1,28.8,Pending
547,4358,2024-02-14 23:51:26,3,607.68,Pending
548,1688,2024-06-30 09:09:32,3,256.16,Pending
549,4750,2024-03-23 13:24:12,1,23.88,Completed
550,2001,2024-08-31 01:07:43,2,274.63,Completed
551,4755,2024-07-25 01:19:58,2,63.1,Completed
552,546,2024-04-13 13:57:13,2,244.76,Pending
553,3652,2024-04-07 19:35:28,2,165.53,Pending
554,4135,2024-04-02 17:27:12,3,1581.5,Completed
555,554,2024-08-07 11:56:59,1,9.59,Pending
556,3894,2024-01-24 23:46:24,3,59.96,Shipped
557,251,2024-10-30 03:23:52,3,324.38,Pending
558,2134,2024-02-28 15:36:57,3,138.56,Shipped
559,1714,2024-06-02 08:39:17,3,115.16,Completed
560,4811,2024-08-05 20:01:49,3,219.07,Completed
561,758,2024-11-22 12:55:20,3,53.35,Shipped
562,2903,2024-02-02 06:29:43,1,21.58,Shipped
563,1510,2024-08-11 03:23:45,3,82.13,Shipped
564,71,2024-05-19 14:51:40,1,64.72,Pending
565,1339,2024-02-19 09:09:16,1,35.97,Pending
566,4691,2024-05-12 00:06:08,2,215.95,Shipped
567,23,2024-06-30 02:03:54,3,44.76,Shipped
568,2726,2024-06-06 23:56:55,2,35.97,Completed
569,1687,2024-07-18 13:07:49,1,219.04,Pending
570,1142,2024-09-01 04:27:50,2,59.82,Completed
571,4447,2024-03-26 16:50:11,2,490.54,Completed
572,244,2024-03-22 15:44:04,3,123.56,Shipped
573,3759,2024-07-01 22:08:50,2,86.38,Pending
574,4530,2024-07-25 14:13:46,1,11.98,Completed
575,481,2024-08-20 07:35:39,2,97.15,Completed
576,2611,2024-05-04 21:31:36,1,23.98,Completed
577,4626,2024-10-06 17:31:06,3,1842.84,Shipped
578,1044,2024-02-27 04:29:01,1,7.19,Pending
579,3804,2024-05-29 08:22:34,1,24.0,Shipped
580,3604,2024-06-06 01:44:32,2,29.98,Shipped
581,1813,2024-12-17 15:53:22,3,38.33,Pending
582,1797,2024-07-11 18:29:07,2,1452.7,Completed
583,2032,2024-09-12 17:11:52,2,41.21,Shipped
584,3682,2024-12-21 07:46:32,3,91.1,Shipped
585,4415,2024-11-20 23:36:08,1,57.57,Shipped
586,3678,2024-01-28 01:40:33,1,10.79,Pending
587,3545,2024-04-24 05:42:19,3,27.8,Pending
588,3343,2024-06-12 15:26:37,3,263.96,Shipped
589,1302,2024-05-18 14:34:35,2,26.35,Pending
590,3753,2024-08-19 18:13:41,1,143.76,Pending
591,1563,2024-06-05 23:09:47,2,139.19,Completed
592,4152,2024-02-20 20:16:02,1,174.48,Pending
593,4935,2024-03-25 00:22:33,3,71.93,Shipped
594,393,2024-06-15 21:55:30,2,144.93,Completed
595,4130,2024-02-21 22:45:46,1,20.86,Completed
596,1224,2024-02-29 12:57:59,2,22.77,Pending
597,593,2024-01-04 19:33:37,2,553.17,Completed
598,1148,2024-03-13 21:27:13,3,67.03,Pending
599,1599,2024-04-09 00:34:45,3,2303.98,Shipped
600,452,2024-01-12 06:51:19,2,14.38,Shipped
601,4043,2024-10-26 21:54:23,2,50.38,Completed
602,1713,2024-04-11 21:45:19,3,179.48,Pending
603,951,2024-05-07 14:52:26,3,199.75,Pending
604,3657,2024-08-31 10:21:46,1,89.97,Shipped
605,2190,2024-10-27 07:37:07,2,37.1,Shipped
606,1479,2024-01-07 21:49:36,1,17.99,Pending
607,3196,2024-09-28 16:50:29,2,108.8,Completed
608,1635,2024-11-27 02:20:32,3,148.76,Completed
609,4172,2024-09-04 16:45:53,2,61.16,Completed
610,2157,2024-08-11 22:25:55,3,242.23,Shipped
611,2442,2024-05-20 01:24:47,1,36.0,Completed
612,3018,2024-11-21 14:04:13,1,43.18,Shipped
613,3130,2024-04-04 00:02:16,3,225.5,Pending
614,4440,2024-12-04 04:56:09,1,35.97,Shipped
615,1914,2024-10-09 11:29:53,1,189.52,Pending
616,2075,2024-01-12 14:06:06,3,859.76,Pending
617,4748,2024-11-24 03:04:12,1,23.98,Pending
618,594,2024-05-07 03:27:02,1,11.99,Pending
619,3343,2024-04-22 17:34:38,1,7.19,Pending
620,3782,2024-01-02 03:35:16,1,743.76,Pending
621,2003,2024-05-19 11:20:29,1,35.97,Completed
622,2994,2024-03-27 18:41:18,3,357.47,Shipped
623,3410,2024-07-02 19:49:43,1,300.08,Pending
624,1436,2024-11-17 12:13:16,2,18.0,Shipped
625,1121,2024-10-22 12:26:09,3,384.51,Shipped
626,2738,2024-01-06 06:11:35,3,167.36,Shipped
627,1306,2024-08-11 08:56:50,2,29.23,Shipped
628,4638,2024-05-27 08:17:35,1,35.98,Completed
629,4207,2024-02-05 14:39:29,3,98.61,Completed
630,3975,2024-02-01 04:13:21,3,525.21,Completed
631,3573,2024-12-15 20:49:58,2,79.4,Pending
632,200,2024-03-03 04:45:53,1,14.38,Pending
633,4515,2024-10-27 08:24:50,1,33.56,Completed
634,380,2024-07-10 22:47:31,1,143.96,Shipped
635,3535,2024-05-15 16:20:57,2,10.56,Pending
636,410,2024-02-08 05:40:41,3,431.93,Completed
637,731,2024-08-27 18:58:11,1,8.39,Shipped
638,4281,2024-02-10 19:43:41,2,6.96,Shipped
639,4237,2024-04-15 08:30:08,2,85.88,Pending
640,3274,2024-05-25 07:42:03,3,104.33,Completed
641,2877,2024-11-18 16:29:16,3,21.56,Completed
642,3521,2024-10-23 19:16:07,2,126.73,Completed
643,4583,2024-04-14 11:38:49,1,35.98,Completed
644,932,2024-08-07 23:38:31,1,2.64,Pending
645,3711,2024-09-11 23:12:35,3,70.19,Shipped
646,632,2024-12-16 04:43:19,3,91.24,Shipped
647,3852,2024-02-08 07:25:05,2,42.96,Shipped
648,290,2024-04-19 02:35:01,2,133.68,Shipped
649,3983,2024-12-24 20:34:48,1,125.97,Completed
650,197,2024-07-09 04:36:47,3,103.98,Pending
651,1328,2024-12-22 12:37:33,3,150.57,Shipped
652,1345,2024-12-08 00:10:23,3,849.0,Shipped
653,3894,2024-09-10 02:19:20,3,434.37,Completed
654,1560,2024-04-13 19:46:25,1,10.19,Completed
655,4087,2024-08-19 20:49:00,2,179.99,Pending
656,3429,2024-01-02 00:09:24,1,11.99,Pending
657,2701,2024-09-24 16:48:14,3,2112.34,Shipped
658,4252,2024-10-08 05:58:40,2,104.37,Shipped
659,3060,2024-06-24 04:10:09,3,129.05,Pending
660,2572,2024-10-17 05:22:36,3,405.81,Pending
661,2440,2024-02-24 10:40:01,2,195.55,Shipped
662,2562,2024-07-04 23:17:24,2,65.95,Completed
663,2100,2024-04-28 06:55:16,1,21.57,Shipped
664,3235,2024-11-05 19:29:09,3,337.15,Completed
665,4275,2024-11-06 20:50:54,1,580.84,Pending
666,849,2024-10-20 21:24:14,1,17.97,Pending
667,282,2024-03-03 21:11:53,1,179.97,Completed
668,4636,2024-12-17 20:11:18,1,36.0,Shipped
669,4259,2024-10-19 20:11:37,2,281.98,Pending
670,4624,2024-02-06 11:52:43,3,80.49,Pending
671,4691,2024-11-23 01:43:27,1,21.57,Shipped
672,681,2024-10-19 08:05:13,1,35.99,Pending
673,832,2024-04-15 15:58:18,3,1371.56,Shipped
674,1465,2024-07-31 01:45:13,2,152.61,Completed
675,2377,2024-03-08 14:01:23,3,5425.46,Pending
676,4736,2024-11-29 03:07:44,1,15.8,Pending
677,548,2024-12-19 02:46:28,1,11.8,Completed
678,878,2024-01-20 04:55:27,1,21.6,Pending
679,2749,2024-01-17 06:52:50,2,0.0,Shipped
680,4,2024-04-07 02:26:24,1,82.77,Completed
681,2053,2024-04-05 23:13:07,2,711.57,Pending
682,3216,2024-11-22 08:45:01,3,54.31,Completed
683,372,2024-02-22 11:21:37,1,76.76,Shipped
684,1754,2024-04-12 20:40:42,3,70.66,Pending
685,409,2024-06-09 23:28:09,2,92.36,Shipped
686,3728,2024-03-20 21:08:33,2,332.26,Pending
687,2064,2024-02-25 16:03:51,3,9.9,Shipped
688,2696,2024-09-19 23:39:00,2,32.38,Pending
689,2249,2024-03-21 05:27:47,2,90.12,Pending
690,511,2024-01-16 14:43:47,2,17.99,Pending
691,446,2024-05-21 17:43:58,2,52.72,Completed
692,2418,2024-03-07 16:26:44,2,19.77,Pending
693,4274,2024-07-04 23:46:53,3,292.26,Pending
694,645,2024-09-26 14:57:05,1,4.66,Pending
695,4953,2024-03-20 20:49:27,3,86.34,Pending
696,3804,2024-06-19 08:21:36,1,719.97,Shipped
697,2692,2024-02-09 19:51:30,3,88.75,Pending
698,2400,2024-04-08 02:44:36,1,3.59,Completed
699,3150,2024-02-06 08:47:56,1,95.96,Completed
700,2233,2024-01-24 01:13:18,1,21.32,Shipped
701,3985,2024-04-01 15:24:28,1,96.84,Shipped
702,786,2024-10-01 21:33:25,1,4.8,Shipped
703,3433,2024-07-11 12:47:30,2,1082.16,Pending
704,4967,2024-03-24 13:32:27,1,47.96,Completed
705,1694,2024-10-25 01:19:56,2,45.56,Completed
706,3335,2024-05-10 13:01:33,3,127.84,Shipped
707,3838,2024-10-27 21:10:47,1,71.97,Pending
708,4176,2024-08-26 16:26:15,2,28.53,Completed
709,206,2024-11-25 09:41:20,2,19.18,Shipped
710,3030,2024-02-18 19:02:05,1,39.57,Completed
711,4572,2024-11-12 04:22:27,1,21.36,Shipped
712,915,2024-06-08 22:04:21,2,226.05,Shipped
713,1804,2024-06-11 10:57:21,1,23.28,Shipped
714,507,2024-11-11 20:08:12,1,19.19,Shipped
715,1412,2024-08-10 02:10:11,2,153.83,Pending
716,3273,2024-09-22 18:03:18,2,69.54,Pending
717,2103,2024-01-29 07:16:10,1,3.24,Pending
718,1411,2024-04-10 16:11:25,2,34.13,Completed
719,4894,2024-07-08 11:18:50,2,28.75,Completed
720,2273,2024-02-26 10:49:26,3,100.76,Pending
721,3595,2024-09-23 03:54:40,1,590.22,Shipped
722,3875,2024-12-06 04:22:22,3,121.11,Completed
723,1232,2024-06-30 10:32:39,3,105.53,Completed
724,968,2024-08-24 05:51:06,2,43.18,Completed
725,3572,2024-09-11 16:17:02,2,19.17,Shipped
726,290,2024-09-09 08:15:12,3,1364.23,Completed
727,712,2024-07-11 07:38:37,1,167.96,Pending
728,2585,2024-07-25 14:52:54,1,110.36,Completed
729,3715,2024-07-25 09:15:25,3,134.32,Completed
730,3301,2024-11-12 00:45:25,1,486.0,Shipped
731,4702,2024-01-30 22:38:47,2,29.62,Pending
732,4822,2024-12-14 04:24:53,1,15.36,Pending
733,4456,2024-12-05 07:32:20,2,59.99,Shipped
734,3961,2024-04-03 01:55:04,3,266.44,Completed
735,801,2024-06-01 18:46:47,3,275.76,Completed
736,419,2024-08-09 18:29:05,1,7.2,Completed
737,120,2024-06-11 09:57:05,2,27.58,Completed
738,3335,2024-11-22 23:34:40,1,26.97,Shipped
739,261,2024-08-17 06:15:54,3,772.71,Completed
740,2204,2024-06-02 21:12:44,2,128.37,Shipped
741,1172,2024-04-02 20:47:01,2,1147.18,Pending
742,834,2024-04-26 05:46:18,2,47.96,Pending
743,1558,2024-03-20 00:14:28,1,4.79,Completed
744,2401,2024-08-14 14:38:45,2,243.55,Completed
745,746,2024-03-01 21:14:57,3,61.72,Shipped
746,1479,2024-10-12 02:58:52,2,118.74,Pending
747,1197,2024-03-26 10:54:08,3,175.86,Completed
748,55,2024-12-25 13:26:02,3,144.06,Pending
749,950,2024-06-03 10:36:56,3,108.5,Pending
750,3981,2024-08-22 04:50:05,2,988.0,Shipped
751,2517,2024-06-17 23:09:13,1,7.2,Shipped
752,1869,2024-12-02 03:10:27,3,63.53,Completed
753,4393,2024-05-08 23:22:57,3,178.92,Shipped
754,4806,2024-11-27 23:10:49,1,47.96,Completed
755,366,2024-10-28 08:58:12,2,38.12,Pending
756,206,2024-02-24 09:42:11,2,118.5,Completed
757,983,2024-07-21 14:56:57,2,178.28,Pending
758,4388,2024-05-31 06:52:28,2,41.86,Shipped
759,1535,2024-12-20 23:49:28,1,33.58,Pending
760,2499,2024-01-29 06:36:37,1,0.0,Shipped
761,1971,2024-03-14 19:25:50,3,69.55,Shipped
762,525,2024-09-29 03:36:52,3,223.32,Completed
763,1312,2024-05-10 15:15:25,2,81.55,Completed
764,744,2024-11-24 10:16:03,3,93.66,Pending
765,4267,2024-03-22 17:32:39,2,59.96,Pending
766,693,2024-10-18 14:03:42,3,37.29,Pending
767,4325,2024-06-03 05:14:48,2,136.09,Pending
768,2380,2024-01-05 01:02:03,3,56.32,Shipped
769,172,2024-07-07 22:43:12,1,71.97,Shipped
770,241,2024-05-17 02:20:37,2,718.52,Pending
771,4938,2024-02-13 01:56:27,1,167.92,Pending
772,3868,2024-12-28 15:11:23,2,729.58,Completed
773,4068,2024-03-31 10:53:57,1,16.78,Completed
774,4522,2024-12-31 17:04:08,2,67.2,Pending
775,2091,2024-07-19 12:45:55,2,37.05,Completed
776,3022,2024-01-29 13:18:37,1,4.79,Pending
777,4786,2024-06-20 06:12:06,3,700.72,Completed
778,2307,2024-02-20 02:06:47,2,92.16,Pending
779,4654,2024-12-20 08:39:30,1,7.2,Shipped
780,1013,2024-07-15 22:18:55,2,31.16,Completed
781,754,2024-02-12 23:54:35,3,112.64,Shipped
782,981,2024-01-05 04:55:53,3,732.34,Pending
783,3690,2024-09-19 23:03:41,2,34.75,Pending
784,2536,2024-08-07 00:41:07,1,21.59,Shipped
785,4335,2024-04-08 21:08:00,1,7.19,Pending
786,4003,2024-04-13 18:06:44,3,154.66,Pending
787,1079,2024-02-14 05:24:10,3,139.49,Pending
788,818,2024-11-14 07:34:30,3,230.69,Shipped
789,1778,2024-04-11 14:14:35,2,86.32,Completed
790,739,2024-05-24 13:44:58,2,244.75,Pending
791,3903,2024-11-26 17:37:49,3,32.55,Shipped
792,3630,2024-10-07 12:13:44,1,3.3,Completed
793,648,2024-02-06 06:37:02,3,207.02,Completed
794,1651,2024-11-25 21:54:01,1,300.4,Pending
795,2553,2024-05-16 11:14:33,3,758.6,Completed
796,3385,2024-12-07 21:17:17,3,116.22,Shipped
797,1982,2024-02-13 06:42:23,3,194.01,Shipped
798,1935,2024-01-23 16:14:44,1,47.96,Pending
799,1677,2024-06-28 11:42:49,3,63.8,Completed
800,3509,2024-06-02 17:33:49,2,27.57,Shipped
801,624,2024-07-22 17:55:56,1,62.36,Completed
802,972,2024-07-27 05:12:40,3,124.05,Pending
803,153,2024-10-11 08:58:27,3,29.01,Pending
804,1580,2024-04-13 21:02:20,1,8.4,Shipped
805,2649,2024-01-15 06:20:49,1,11.96,Shipped
806,1744,2024-09-19 08:33:54,2,46.74,Pending
807,4658,2024-01-24 06:34:51,2,239.93,Pending
808,3101,2024-09-07 09:51:05,3,38.98,Completed
809,3583,2024-03-28 01:25:12,2,110.36,Shipped
810,1360,2024-02-05 00:12:03,3,110.32,Pending
811,2687,2024-12-07 08:51:57,3,74.35,Shipped
812,4268,2024-11-21 18:29:11,2,873.77,Pending
813,1557,2024-11-14 06:03:42,2,234.32,Shipped
814,3044,2024-12-16 17:37:05,1,23.99,Shipped
815,992,2024-01-05 03:14:29,1,97.17,Shipped
816,2224,2024-05-26 02:21:42,2,522.92,Pending
817,2355,2024-06-16 11:55:45,1,7.16,Shipped
818,1888,2024-05-27 04:04:46,1,10.79,Pending
819,1346,2024-04-04 04:42:37,1,11.88,Shipped
820,920,2024-04-04 04:20:44,1,167.96,Pending
821,3525,2024-11-03 06:36:32,3,73.13,Completed
822,1155,2024-08-26 22:30:37,3,133.71,Completed
823,2673,2024-07-12 06:55:07,1,15.59,Pending
824,3331,2024-07-29 02:44:20,2,50.37,Completed
825,4320,2024-03-09 02:42:33,3,196.72,Pending
826,4882,2024-08-17 07:15:58,3,1254.88,Shipped
827,4605,2024-04-13 18:14:45,2,165.57,Shipped
828,4613,2024-01-06 22:07:44,3,240.49,Pending
829,1366,2024-11-29 13:42:15,3,2683.92,Pending
830,1167,2024-05-04 14:24:44,2,157.13,Completed
831,1684,2024-08-19 18:43:47,3,320.91,Pending
832,2813,2024-03-08 02:35:29,2,35.97,Pending
833,650,2024-06-21 15:46:47,2,43.8,Pending
834,4718,2024-03-01 21:39:03,2,3.58,Shipped
835,4777,2024-07-17 05:54:28,3,95.97,Completed
836,2973,2024-06-12 12:53:08,3,595.7,Pending
837,1820,2024-03-10 22:13:20,1,52.78,Shipped
838,1666,2024-01-19 07:09:14,1,7.92,Pending
839,963,2024-09-12 09:41:50,2,48.22,Pending
840,3221,2024-06-18 16:39:51,2,149.87,Pending
841,474,2024-01-22 20:43:02,3,2848.28,Pending
842,3020,2024-08-13 06:26:59,2,240.36,Pending
843,4880,2024-01-21 13:06:24,2,51.57,Pending
844,1987,2024-08-27 14:03:41,3,225.54,Completed
845,3982,2024-11-24 10:45:30,1,37.19,Pending
846,1907,2024-05-02 02:22:48,2,47.36,Shipped
847,3085,2024-09-17 09:59:42,2,607.13,Pending
848,4473,2024-08-02 16:57:22,3,40.15,Shipped
849,1728,2024-07-18 15:01:22,3,116.36,Completed
850,3340,2024-10-01 22:56:21,1,19.2,Shipped
851,2147,2024-03-06 05:55:12,1,21.58,Pending
852,871,2024-07-26 21:58:09,2,47.98,Pending
853,1534,2024-11-26 21:04:06,1,143.76,Completed
854,2416,2024-03-05 10:03:06,2,226.73,Completed
855,4917,2024-05-08 19:03:13,1,347.04,Shipped
856,4709,2024-12-28 12:49:10,1,43.64,Pending
857,3903,2024-10-29 08:54:54,1,26.06,Shipped
858,182,2024-08-27 04:06:52,3,55.42,Shipped
859,2218,2024-06-08 17:55:44,1,33.56,Shipped
860,719,2024-05-10 02:52:50,3,80.97,Completed
861,262,2024-04-04 17:38:13,1,26.39,Shipped
862,2412,2024-01-08 03:34:49,3,232.09,Completed
863,2705,2024-12-19 10:19:18,1,76.8,Shipped
864,2312,2024-02-02 19:35:07,2,80.25,Shipped
865,3956,2024-08-05 07:34:32,1,144.0,Pending
866,4162,2024-04-17 18:54:09,2,66.68,Shipped
867,1268,2024-10-08 04:33:39,1,12.96,Completed
868,2986,2024-01-31 20:52:14,1,3.3,Shipped
869,3566,2024-02-15 16:15:25,3,522.0,Pending
870,3008,2024-11-15 05:37:21,2,93.59,Completed
871,4025,2024-03-09 04:03:49,3,205.73,Pending
872,1157,2024-02-03 11:37:26,1,88.18,Pending
873,20,2024-12-09 12:30:51,1,35.97,Pending
874,4773,2024-09-16 11:32:05,3,213.35,Shipped
875,4066,2024-10-20 15:21:18,2,148.74,Completed
876,1610,2024-11-29 23:20:42,3,111.43,Shipped
877,3158,2024-08-23 20:03:04,3,210.88,Pending
878,4754,2024-04-11 05:10:08,2,50.34,Completed
879,1015,2024-04-05 02:45:35,2,41.97,Pending
880,1645,2024-10-19 17:21:15,3,161.95,Pending
881,4360,2024-05-29 04:31:11,2,139.49,Pending
882,3909,2024-02-18 11:14:59,2,1426.8,Shipped
883,4904,2024-01-13 18:00:21,1,46.44,Pending
884,3904,2024-03-04 14:24:08,2,32.85,Completed
885,106,2024-05-21 09:51:15,1,66.0,Completed
886,2597,2024-01-18 06:27:16,2,209.91,Shipped
887,9,2024-02-07 18:10:10,2,5445.58,Completed
888,4786,2024-08-23 10:30:19,1,169.44,Shipped
889,3601,2024-12-05 01:01:07,3,129.51,Pending
890,848,2024-07-21 03:50:06,1,1343.76,Completed
891,3685,2024-10-22 19:56:17,1,21.57,Shipped
892,2558,2024-07-05 13:26:22,1,91.16,Shipped
893,140,2024-05-21 20:26:14,3,121.01,Completed
894,4962,2024-01-02 23:40:09,3,206.45,Shipped
895,4210,2024-01-05 11:11:11,3,207.67,Shipped
896,3863,2024-05-14 11:53:47,3,1650.91,Pending
897,4582,2024-03-24 19:37:08,3,47.89,Pending
898,4619,2024-06-07 16:16:43,3,355.35,Shipped
899,176,2024-05-01 05:35:56,3,59.79,Completed
900,1763,2024-01-23 13:14:09,3,225.96,Completed
901,363,2024-07-11 12:32:03,2,458.83,Completed
902,357,2024-12-22 09:21:49,3,231.28,Shipped
903,1342,2024-12-03 15:43:39,2,311.81,Completed
904,319,2024-07-12 22:56:08,2,68.35,Shipped
905,3731,2024-08-01 18:47:50,1,6.59,Pending
906,3834,2024-10-29 19:53:56,2,7.18,Completed
907,1385,2024-09-15 03:58:47,3,155.93,Shipped
908,1168,2024-04-23 01:08:06,1,71.96,Completed
909,2151,2024-12-24 08:31:51,3,585.22,Pending
910,4969,2024-12-25 09:12:53,3,137.91,Completed
911,1957,2024-10-09 11:53:01,2,237.72,Pending
912,3145,2024-01-16 14:36:44,1,33.58,Completed
913,4226,2024-06-04 01:22:41,3,296.34,Pending
914,1859,2024-09-26 01:22:44,2,64.74,Pending
915,1370,2024-02-06 14:22:08,2,159.52,Pending
916,3843,2024-11-10 11:57:49,1,107.97,Shipped
917,1711,2024-03-12 18:22:20,2,277.72,Completed
918,752,2024-10-14 22:04:18,3,133.91,Shipped
919,3767,2024-05-30 08:17:47,3,117.07,Pending
920,1361,2024-11-16 17:02:17,3,179.94,Completed
921,2481,2024-12-26 05:09:54,1,7.19,Pending
922,1537,2024-01-23 05:57:24,2,25.11,Completed
923,150,2024-06-01 04:22:02,1,23.96,Completed
924,2733,2024-10-11 01:57:25,3,171.81,Shipped
925,4932,2024-08-04 06:04:13,3,77.91,Completed
926,4063,2024-05-27 11:22:56,1,17.94,Pending
927,1258,2024-12-05 19:30:02,1,527.52,Shipped
928,1199,2024-05-03 21:59:35,2,143.92,Shipped
929,125,2024-10-24 14:47:24,1,13.19,Shipped
930,3665,2024-12-04 20:24:23,1,25.2,Shipped
931,2729,2024-04-11 12:18:54,3,121.49,Pending
932,1096,2024-04-07 15:34:46,1,3.94,Shipped
933,1055,2024-12-20 04:54:39,3,74.8,Shipped
934,2398,2024-04-11 21:18:59,1,20.28,Pending
935,4405,2024-04-14 09:11:13,1,23.98,Pending
936,4484,2024-12-15 04:17:31,2,46.76,Pending
937,3762,2024-10-13 13:22:58,2,83.97,Shipped
938,3397,2024-01-03 22:48:58,2,14.39,Pending
939,3371,2024-12-18 19:49:30,1,89.97,Pending
940,1817,2024-07-04 22:19:04,2,407.72,Shipped
941,1937,2024-07-12 06:31:02,3,343.06,Shipped
942,2679,2024-08-16 08:13:21,2,215.94,Pending
943,4041,2024-04-05 18:40:18,2,110.34,Shipped
944,4977,2024-11-14 16:08:00,3,61.54,Shipped
945,1806,2024-10-10 08:51:32,2,79.28,Completed
946,121,2024-06-29 20:37:43,2,105.6,Pending
947,1227,2024-07-19 19:38:30,1,42.0,Shipped
948,317,2024-09-05 15:47:24,3,669.56,Completed
949,2898,2024-06-17 11:32:06,3,210.26,Pending
950,453,2024-10-12 02:54:49,3,182.33,Completed
951,4987,2024-05-22 07:08:30,1,31.18,Completed
952,1034,2024-12-20 17:41:15,2,37.15,Completed
953,3561,2024-12-07 20:43:23,3,51.55,Pending
954,3992,2024-02-11 18:37:20,2,51.46,Shipped
955,564,2024-08-07 10:27:30,3,284.37,Completed
956,878,2024-05-20 05:36:45,2,40.76,Shipped
957,1813,2024-01-12 13:34:56,1,75.57,Pending
958,1575,2024-06-03 07:50:55,3,104.97,Shipped
959,3313,2024-11-18 19:41:47,1,23.76,Pending
960,4952,2024-01-30 14:26:45,3,338.62,Completed
961,2484,2024-04-29 19:49:26,1,110.36,Pending
962,2059,2024-10-18 05:41:47,2,344.48,Shipped
963,2670,2024-01-21 19:07:20,3,111.22,Shipped
964,1924,2024-03-27 19:40:18,3,89.38,Pending
965,490,2024-08-02 00:09:59,1,38.36,Shipped
966,4112,2024-10-04 23:54:12,2,864.0,Pending
967,3522,2024-01-24 19:06:43,1,28.76,Completed
968,3920,2024-11-12 04:05:08,1,23.98,Pending
969,1550,2024-08-30 04:25:38,2,107.5,Pending
970,2105,2024-07-05 02:39:55,3,1508.54,Completed
971,1336,2024-10-20 04:51:16,1,17.99,Pending
972,1784,2024-10-12 07:24:39,1,8.38,Shipped
973,4645,2024-02-25 23:58:53,3,123.64,Completed
974,3207,2024-01-20 15:04:20,3,710.51,Shipped
975,4069,2024-10-09 05:49:16,1,129.54,Completed
976,3054,2024-12-26 20:17:12,2,87.55,Pending
977,1536,2024-02-01 13:05:00,3,117.54,Shipped
978,2516,2024-11-07 15:43:51,1,67.19,Shipped
979,3462,2024-12-03 14:11:01,1,23.98,Completed
980,2230,2024-11-22 20:04:33,2,72.0,Completed
981,1209,2024-10-05 08:25:55,1,35.99,Shipped
982,4116,2024-09-17 16:09:41,1,28.79,Completed
983,3992,2024-11-17 01:57:03,2,418.16,Shipped
984,3672,2024-05-24 17:43:39,3,136.76,Shipped
985,4037,2024-08-02 11:49:47,1,0.0,Completed
986,2362,2024-05-23 15:57:04,2,410.36,Pending
987,2378,2024-01-20 23:49:47,1,9.6,Pending
988,4753,2024-05-30 18:22:50,1,0.0,Shipped
989,133,2024-08-12 07:42:43,2,37.16,Pending
990,4533,2024-03-29 11:33:31,3,172.57,Shipped
991,3866,2024-04-16 16:57:34,1,29.99,Completed
992,3094,2024-10-02 00:18:33,1,107.76,Shipped
993,4480,2024-10-08 06:02:41,1,115.18,Pending
994,1780,2024-11-30 00:01:02,3,157.01,Completed
995,3551,2024-02-04 21:00:29,1,37.2,Shipped
996,4766,2024-06-15 19:33:09,3,238.32,Pending
997,1426,2024-12-04 22:01:12,1,35.97,Pending
998,4096,2024-12-15 17:33:13,1,0.0,Shipped
999,2962,2024-08-15 04:36:45,1,107.97,Shipped
1000,3560,2024-06-21 16:31:40,3,54.92,Completed
