TransactionID,OrderID,PaymentMethod,Amount,TransactionDate
1,1,Credit Card,156.98,2024-08-08 21:50:33.544597
2,2,Credit Card,408.89,2024-08-07 21:50:33.544604
3,3,Debit Card,117.08,2024-08-06 21:50:33.544606
4,4,Debit Card,187.53,2024-08-05 21:50:33.544607
5,5,Debit Card,311.94,2024-08-04 21:50:33.544608
6,6,Credit Card,260.59,2024-08-03 21:50:33.544610
7,7,PayPal,495.64,2024-08-02 21:50:33.544611
8,8,Credit Card,320.75,2024-08-01 21:50:33.544613
9,9,Debit Card,284.47,2024-07-31 21:50:33.544615
10,10,Credit Card,302.55,2024-07-30 21:50:33.544618
11,11,Debit Card,483.65,2024-07-29 21:50:33.544620
12,12,Debit Card,120.25,2024-07-28 21:50:33.544622
13,13,Credit Card,94.82,2024-07-27 21:50:33.544624
14,14,Credit Card,240.21,2024-07-26 21:50:33.544627
15,15,Debit Card,497.54,2024-07-25 21:50:33.544629
16,16,Credit Card,441.07,2024-07-24 21:50:33.544631
17,17,PayPal,109.76,2024-07-23 21:50:33.544633
18,18,Debit Card,231.03,2024-07-22 21:50:33.544636
19,19,Credit Card,290.44,2024-07-21 21:50:33.544638
20,20,Debit Card,104.49,2024-07-20 21:50:33.544640
21,21,Credit Card,287.86,2024-07-19 21:50:33.544644
22,22,PayPal,260.43,2024-07-18 21:50:33.544646
23,23,PayPal,254.47,2024-07-17 21:50:33.544648
24,24,PayPal,159.98,2024-07-16 21:50:33.544650
25,25,PayPal,123.47,2024-07-15 21:50:33.544652
26,26,PayPal,479.12,2024-07-14 21:50:33.544655
27,27,Debit Card,482.52,2024-07-13 21:50:33.544657
28,28,Debit Card,284.75,2024-07-12 21:50:33.544660
29,29,Credit Card,145.73,2024-07-11 21:50:33.544662
30,30,Debit Card,167.62,2024-07-10 21:50:33.544664
31,31,Debit Card,330.33,2024-07-09 21:50:33.544666
32,32,Credit Card,181.45,2024-07-08 21:50:33.544668
33,33,Debit Card,309.75,2024-07-07 21:50:33.544671
34,34,PayPal,276.06,2024-07-06 21:50:33.544674
35,35,Debit Card,455.81,2024-07-05 21:50:33.544676
36,36,Credit Card,139.12,2024-07-04 21:50:33.544677
37,37,PayPal,113.42,2024-07-03 21:50:33.544678
38,38,Debit Card,202.69,2024-07-02 21:50:33.544679
39,39,PayPal,269.03,2024-07-01 21:50:33.544680
40,40,Credit Card,454.44,2024-06-30 21:50:33.544681
41,41,Credit Card,130.21,2024-06-29 21:50:33.544683
42,42,PayPal,326.08,2024-06-28 21:50:33.544684
43,43,Debit Card,223.24,2024-06-27 21:50:33.544685
44,44,Debit Card,215.67,2024-06-26 21:50:33.544686
45,45,PayPal,243.62,2024-06-25 21:50:33.544688
46,46,PayPal,182.6,2024-06-24 21:50:33.544689
47,47,PayPal,380.73,2024-06-23 21:50:33.544690
48,48,PayPal,205.85,2024-06-22 21:50:33.544691
49,49,PayPal,164.09,2024-06-21 21:50:33.544692
50,50,PayPal,106.14,2024-06-20 21:50:33.544693
51,51,Credit Card,145.78,2024-06-19 21:50:33.544695
52,52,Debit Card,358.52,2024-06-18 21:50:33.544696
53,53,PayPal,359.79,2024-06-17 21:50:33.544697
54,54,PayPal,371.0,2024-06-16 21:50:33.544698
55,55,Credit Card,244.13,2024-06-15 21:50:33.544700
56,56,PayPal,424.56,2024-06-14 21:50:33.544701
57,57,Debit Card,475.69,2024-06-13 21:50:33.544702
58,58,Credit Card,160.31,2024-06-12 21:50:33.544703
59,59,Credit Card,181.31,2024-06-11 21:50:33.544704
60,60,Credit Card,323.45,2024-06-10 21:50:33.544705
61,61,Debit Card,258.18,2024-06-09 21:50:33.544707
62,62,Debit Card,82.49,2024-06-08 21:50:33.544708
63,63,Credit Card,148.4,2024-06-07 21:50:33.544709
64,64,Debit Card,436.28,2024-06-06 21:50:33.544710
65,65,PayPal,412.03,2024-06-05 21:50:33.544711
66,66,Debit Card,115.09,2024-06-04 21:50:33.544713
67,67,Debit Card,174.86,2024-06-03 21:50:33.544714
68,68,Debit Card,409.54,2024-06-02 21:50:33.544715
69,69,PayPal,260.66,2024-06-01 21:50:33.544716
70,70,Debit Card,169.18,2024-05-31 21:50:33.544717
71,71,PayPal,233.68,2024-05-30 21:50:33.544719
72,72,Debit Card,203.34,2024-05-29 21:50:33.544720
73,73,Credit Card,315.22,2024-05-28 21:50:33.544721
74,74,PayPal,245.6,2024-05-27 21:50:33.544722
75,75,PayPal,453.51,2024-05-26 21:50:33.544723
76,76,PayPal,378.0,2024-05-25 21:50:33.544725
77,77,PayPal,186.28,2024-05-24 21:50:33.544726
78,78,Credit Card,254.4,2024-05-23 21:50:33.544727
79,79,Credit Card,170.6,2024-05-22 21:50:33.544728
80,80,Debit Card,149.24,2024-05-21 21:50:33.544729
81,81,Credit Card,435.01,2024-05-20 21:50:33.544731
82,82,Debit Card,387.14,2024-05-19 21:50:33.544732
83,83,PayPal,465.52,2024-05-18 21:50:33.544733
84,84,Debit Card,235.41,2024-05-17 21:50:33.544734
85,85,PayPal,398.16,2024-05-16 21:50:33.544735
86,86,PayPal,207.12,2024-05-15 21:50:33.544736
87,87,Debit Card,354.82,2024-05-14 21:50:33.544738
88,88,Debit Card,264.82,2024-05-13 21:50:33.544739
89,89,Credit Card,125.66,2024-05-12 21:50:33.544740
90,90,PayPal,334.56,2024-05-11 21:50:33.544741
91,91,Debit Card,325.56,2024-05-10 21:50:33.544742
92,92,Credit Card,471.76,2024-05-09 21:50:33.544744
93,93,Debit Card,390.83,2024-05-08 21:50:33.544745
94,94,Credit Card,179.1,2024-05-07 21:50:33.544746
95,95,Credit Card,470.07,2024-05-06 21:50:33.544747
96,96,PayPal,141.56,2024-05-05 21:50:33.544749
97,97,Debit Card,191.56,2024-05-04 21:50:33.544750
98,98,Credit Card,100.85,2024-05-03 21:50:33.544751
99,99,PayPal,435.69,2024-05-02 21:50:33.544753
100,100,Debit Card,284.86,2024-05-01 21:50:33.544755
101,101,Credit Card,117.54,2024-06-29 08:34:57.575540992
102,102,Debit Card,13.26,2024-06-28 18:57:38.349862144
103,103,PayPal,46.77,2024-06-18 05:20:44.565212672
104,104,Debit Card,79.17,2024-06-14 00:43:17.616432128
105,105,PayPal,47.7,2024-07-12 19:05:33.018119680
106,106,PayPal,22.26,2024-06-09 05:47:54.149822464
107,107,Debit Card,1226.39,2024-06-04 23:31:36.345336832
108,108,Credit Card,2055.03,2024-07-22 19:54:47.448924672
109,109,Debit Card,38.36,2024-06-19 05:00:00.276405760
110,110,Debit Card,345.32,2024-07-15 04:40:21.366202112
111,111,PayPal,1773.54,2024-06-11 10:52:35.118596096
112,112,PayPal,689.82,2024-06-05 23:10:40.135875584
113,113,Debit Card,43.47,2024-08-05 01:19:56.269895680
114,114,Credit Card,1543.4,2024-06-08 17:07:35.588055808
115,115,PayPal,155.99,2024-05-05 12:17:49.835695872
116,116,PayPal,165.56,2024-07-20 21:43:54.465735168
117,117,Credit Card,1209.35,2024-06-03 23:35:56.932701184
118,118,PayPal,85.15,2024-05-16 23:24:17.487938048
119,119,Debit Card,79.6,2024-06-22 13:33:13.004398848
120,120,Debit Card,0.0,2024-06-30 07:14:42.301129472
121,121,Credit Card,215.94,2024-07-17 23:50:55.593416192
122,122,Debit Card,18.24,2024-05-13 14:31:36.498309632
123,123,Debit Card,494.67,2024-07-03 12:04:38.370933504
124,124,Credit Card,82.76,2024-07-14 09:03:20.595833600
125,125,Debit Card,132.0,2024-05-17 18:47:18.795072512
126,126,PayPal,239.93,2024-05-10 09:50:53.401923584
127,127,PayPal,174.75,2024-05-04 19:10:47.134914048
128,128,PayPal,53.97,2024-05-07 09:47:06.762069504
129,129,PayPal,227.69,2024-06-11 15:03:39.489457408
130,130,Debit Card,64.03,2024-07-23 13:49:09.192825344
131,131,Credit Card,73.4,2024-05-20 04:33:21.822827264
132,132,Debit Card,23.98,2024-07-26 23:59:06.457659648
133,133,Debit Card,180.8,2024-07-17 05:04:54.764758016
134,134,Debit Card,1387.09,2024-08-03 19:37:50.436407808
135,135,Debit Card,110.32,2024-08-01 16:53:25.506289920
136,136,PayPal,31.16,2024-05-31 16:21:37.759261696
137,137,Credit Card,197.95,2024-07-22 00:05:59.999289344
138,138,Credit Card,893.4,2024-06-02 17:25:50.883413248
139,139,Debit Card,305.74,2024-06-01 01:39:53.036333056
140,140,Debit Card,9.6,2024-08-07 21:45:07.579552
141,141,Credit Card,38.36,2024-06-19 20:25:26.003164928
142,142,Debit Card,297.62,2024-06-22 00:48:27.862260992
143,143,Credit Card,47.96,2024-07-24 00:59:22.124945408
144,144,Debit Card,145.78,2024-07-30 10:27:59.168566528
145,145,Credit Card,7.32,2024-06-05 18:50:33.497555968
146,146,PayPal,35.97,2024-07-01 17:52:45.096488960
147,147,PayPal,38.88,2024-05-20 08:39:56.724065024
148,148,PayPal,170.4,2024-07-20 21:23:30.984296704
149,149,Credit Card,71.97,2024-05-09 19:34:21.577499904
150,150,PayPal,89.79,2024-05-15 17:53:45.177379584
151,151,Debit Card,160.78,2024-06-06 15:47:23.389739008
152,152,Debit Card,77.31,2024-06-19 06:04:28.487807232
153,153,Debit Card,159.56,2024-08-08 08:07:48.182168576
154,154,Debit Card,233.25,2024-06-29 17:32:35.105903616
155,155,Debit Card,58.28,2024-05-30 12:27:52.536542976
156,156,PayPal,748.67,2024-07-06 09:48:13.077903872
157,157,PayPal,179.64,2024-08-04 13:01:27.341774592
158,158,PayPal,53.12,2024-07-14 05:19:13.884478720
159,159,PayPal,82.77,2024-07-26 22:01:20.362275584
160,160,Debit Card,101.86,2024-06-19 01:18:03.621394176
161,161,Debit Card,145.92,2024-06-19 20:04:32.450493952
162,162,PayPal,23.98,2024-07-16 11:51:12.070654208
163,163,Debit Card,115.12,2024-05-07 14:53:56.690543616
164,164,Debit Card,7.32,2024-08-06 21:15:49.612497152
165,165,PayPal,59.17,2024-06-27 01:14:31.418233856
166,166,Debit Card,36.0,2024-05-13 06:45:47.561433088
167,167,Debit Card,146.33,2024-05-13 15:32:46.095058688
168,168,Credit Card,5.99,2024-06-09 10:34:05.472011776
169,169,Credit Card,26.22,2024-06-21 04:05:28.721296128
170,170,PayPal,50.18,2024-06-14 00:37:54.533944064
171,171,Debit Card,70.2,2024-06-27 18:42:53.607149568
172,172,Debit Card,129.99,2024-05-17 11:41:12.448844288
173,173,PayPal,35.98,2024-05-20 14:07:20.985507584
174,174,PayPal,107.97,2024-07-31 05:19:43.228447744
175,175,PayPal,0.0,2024-05-22 18:19:09.569475584
176,176,PayPal,67.41,2024-06-03 20:55:19.265584640
177,177,Debit Card,15.59,2024-06-15 17:23:27.979350272
178,178,PayPal,967.56,2024-08-06 00:01:20.411730688
179,179,Credit Card,115.16,2024-06-21 02:37:48.354220288
180,180,Debit Card,14.38,2024-06-22 17:16:06.635418112
181,181,Debit Card,222.58,2024-05-29 03:42:34.063409152
182,182,Debit Card,7.19,2024-05-30 03:55:24.297490432
183,183,Debit Card,47.96,2024-05-11 05:58:53.553558528
184,184,Credit Card,42.88,2024-05-06 04:29:21.838777088
185,185,Credit Card,79.15,2024-07-11 17:08:23.693683712
186,186,Debit Card,47.98,2024-06-20 07:57:49.502269440
187,187,PayPal,286.11,2024-07-10 08:51:07.639087104
188,188,Debit Card,93.1,2024-08-05 07:31:00.057435392
189,189,PayPal,71.96,2024-07-19 13:06:43.607531776
190,190,Debit Card,43.17,2024-07-29 22:17:15.396092416
191,191,PayPal,118.78,2024-08-02 19:03:12.011472128
192,192,Credit Card,30.0,2024-06-07 13:55:36.428379136
193,193,Debit Card,34.73,2024-06-17 13:28:05.275080448
194,194,Credit Card,779.99,2024-05-03 23:27:11.368835584
195,195,Debit Card,149.58,2024-06-09 05:08:12.991602432
196,196,PayPal,1282.08,2024-06-22 17:58:17.769844224
197,197,Debit Card,201.51,2024-08-06 20:28:12.062893568
198,198,Credit Card,119.99,2024-06-03 11:36:47.835199488
199,199,Debit Card,180.0,2024-06-13 15:18:22.675800064
200,200,Debit Card,17.97,2024-08-04 03:27:02.666492928
201,201,Debit Card,1696.43,2024-07-31 11:00:19.356465408
202,202,PayPal,479.52,2024-08-02 11:05:38.551224320
203,203,Credit Card,39.57,2024-08-04 01:54:19.817559296
204,204,Debit Card,172.66,2024-06-08 07:53:34.318586112
205,205,PayPal,38.39,2024-06-12 03:49:27.759995904
206,206,Debit Card,429.69,2024-05-16 04:16:54.158975488
207,207,PayPal,291.25,2024-05-09 00:18:45.459770112
208,208,PayPal,105.56,2024-07-20 00:00:24.017902848
209,209,PayPal,7.19,2024-06-29 02:05:53.404624128
210,210,Credit Card,223.64,2024-08-03 05:25:05.156486912
211,211,Debit Card,87.56,2024-05-02 02:37:57.209259776
212,212,PayPal,176.16,2024-05-04 12:20:54.274003968
213,213,Credit Card,91.4,2024-07-24 09:07:15.872317952
214,214,PayPal,38.4,2024-08-08 20:34:01.165402624
215,215,Debit Card,235.08,2024-06-05 10:53:31.799946752
216,216,PayPal,596.14,2024-07-05 22:44:11.964496384
217,217,Credit Card,23.98,2024-05-23 11:02:46.742131712
218,218,Credit Card,148.02,2024-05-16 09:51:49.635585280
219,219,PayPal,226.06,2024-05-30 18:42:10.578452480
220,220,Debit Card,23.96,2024-08-05 09:11:01.424484352
221,221,Credit Card,167.93,2024-05-09 18:55:39.241104384
222,222,Debit Card,161.94,2024-07-18 20:41:47.185934080
223,223,Debit Card,265.13,2024-06-18 09:10:10.649613824
224,224,Debit Card,222.44,2024-06-11 12:56:27.513742080
225,225,Debit Card,94.66,2024-06-07 17:51:03.900398080
226,226,PayPal,55.18,2024-06-12 20:01:01.272763392
227,227,PayPal,81.21,2024-07-18 06:51:35.799657216
228,228,Debit Card,76.76,2024-07-02 11:43:59.451440384
229,229,Debit Card,242.34,2024-05-27 07:02:21.539871232
230,230,Debit Card,449.95,2024-07-08 06:12:37.547543040
231,231,Debit Card,47.98,2024-07-06 10:07:49.245267200
232,232,Debit Card,359.97,2024-06-21 10:39:21.241222400
233,233,Credit Card,11.98,2024-05-18 10:09:09.979150848
234,234,Credit Card,39.34,2024-08-02 21:45:44.892160512
235,235,Debit Card,82.44,2024-08-08 03:14:35.874937344
236,236,Credit Card,112.02,2024-07-21 05:58:25.940517632
237,237,Credit Card,273.5,2024-05-10 02:16:34.508918272
238,238,Debit Card,567.48,2024-08-06 14:48:38.901011968
239,239,Debit Card,46.17,2024-06-14 16:25:42.716296960
240,240,Credit Card,1153.99,2024-05-12 23:02:57.360067328
241,241,Debit Card,153.24,2024-06-04 10:15:36.225439232
242,242,PayPal,74.61,2024-07-27 05:06:05.082505984
243,243,PayPal,702.0,2024-06-20 03:36:40.000840704
244,244,Debit Card,7.17,2024-05-02 00:11:36.745921024
245,245,Credit Card,95.96,2024-07-01 17:16:40.270984192
246,246,PayPal,405.99,2024-05-20 04:56:11.589935872
247,247,Credit Card,197.99,2024-07-23 05:34:24.100745984
248,248,PayPal,336.0,2024-07-20 18:03:33.481025280
249,249,PayPal,280.78,2024-05-11 17:52:50.870460160
250,250,PayPal,160.28,2024-07-10 20:53:05.560712192
251,251,Credit Card,8.39,2024-05-20 17:38:55.968199936
252,252,PayPal,0.0,2024-07-24 22:04:02.130271488
253,253,Debit Card,64.73,2024-07-27 20:15:04.900707072
254,254,Debit Card,148.74,2024-07-08 01:38:13.795604224
255,255,PayPal,253.51,2024-05-11 15:56:19.624186112
256,256,PayPal,410.7,2024-08-03 07:53:29.786766080
257,257,PayPal,64.78,2024-06-17 03:17:41.287371776
258,258,PayPal,46.77,2024-07-03 14:06:29.682660864
259,259,PayPal,16.8,2024-05-10 19:03:16.362804224
260,260,Debit Card,134.36,2024-07-30 22:25:08.188697344
261,261,Credit Card,16.78,2024-05-19 14:54:03.493163776
262,262,PayPal,14.38,2024-07-06 23:55:40.422086912
263,263,PayPal,32.98,2024-06-06 16:01:48.088096
264,264,Credit Card,124.76,2024-07-23 10:27:51.069965056
265,265,Debit Card,43.2,2024-07-16 17:24:28.441027584
266,266,Credit Card,31.18,2024-05-07 20:52:47.402268672
267,267,PayPal,99.5,2024-08-07 04:56:38.761128192
268,268,PayPal,43.18,2024-05-22 17:17:01.642234880
269,269,Credit Card,55.17,2024-05-22 05:33:09.039963392
270,270,PayPal,62.32,2024-08-08 16:46:42.527257856
271,271,Debit Card,299.84,2024-06-04 21:32:51.730586112
272,272,Credit Card,12.57,2024-06-04 11:33:31.603360256
273,273,PayPal,124.72,2024-08-06 00:26:05.930226176
274,274,PayPal,65.98,2024-07-22 02:37:52.173488384
275,275,Credit Card,201.52,2024-06-28 21:03:02.504645120
276,276,Credit Card,7.19,2024-05-06 18:59:04.847995904
277,277,Debit Card,722.4,2024-05-18 13:11:57.053902848
278,278,PayPal,48.0,2024-06-11 23:11:44.576733952
279,279,Credit Card,91.56,2024-07-31 16:24:13.312298240
280,280,Debit Card,8.97,2024-05-23 02:37:57.677315584
281,281,Credit Card,223.8,2024-05-17 06:31:59.873676800
282,282,Credit Card,68.36,2024-06-29 10:12:41.565171968
283,283,Credit Card,0.0,2024-06-07 10:51:03.822052608
284,284,Debit Card,1001.66,2024-07-17 08:40:41.708761088
285,285,Debit Card,88.62,2024-05-26 06:37:12.529981440
286,286,Debit Card,17.99,2024-05-21 08:26:58.765038592
287,287,PayPal,285.5,2024-06-27 22:45:39.446584064
288,288,Credit Card,15.36,2024-07-12 10:51:40.341162496
289,289,Credit Card,31.18,2024-07-22 18:43:33.957435648
290,290,Debit Card,85.88,2024-06-07 12:53:59.344843520
291,291,Debit Card,99.59,2024-05-22 04:40:28.136650496
292,292,PayPal,134.38,2024-08-08 18:37:34.310854912
293,293,Debit Card,98.66,2024-06-30 10:58:05.455663360
294,294,Credit Card,78.43,2024-05-11 16:38:29.097784832
295,295,PayPal,396.0,2024-06-12 22:52:20.923293440
296,296,Debit Card,1235.46,2024-05-25 16:22:29.658224384
297,297,Debit Card,128.35,2024-05-21 22:12:06.654770944
298,298,Debit Card,130.26,2024-06-25 00:47:01.948998144
299,299,PayPal,142.75,2024-05-02 12:39:01.907580416
300,300,Debit Card,42.7,2024-05-17 05:16:35.780290816
301,301,Debit Card,116.6,2024-06-23 03:50:43.700280320
302,302,Credit Card,172.83,2024-05-02 11:35:15.040596736
303,303,Debit Card,71.97,2024-05-24 10:28:38.023662336
304,304,Credit Card,145.52,2024-06-10 21:40:01.208922368
305,305,Credit Card,272.33,2024-07-14 21:09:29.560689920
306,306,PayPal,43.16,2024-06-17 07:22:56.592997376
307,307,PayPal,69.5,2024-06-15 08:18:11.153130752
308,308,Credit Card,29.4,2024-06-06 13:23:52.518691840
309,309,Credit Card,158.51,2024-06-17 08:15:23.435149568
310,310,PayPal,158.33,2024-05-26 07:26:13.486834176
311,311,Debit Card,87.56,2024-05-20 23:40:17.714931968
312,312,Debit Card,110.31,2024-08-04 16:38:31.798764288
313,313,Debit Card,53.36,2024-06-04 18:39:16.369990656
314,314,PayPal,11.98,2024-05-23 18:36:48.692464128
315,315,Debit Card,75.93,2024-05-10 18:12:47.680907264
316,316,Credit Card,478.02,2024-05-24 02:33:28.762968576
317,317,PayPal,133.17,2024-05-31 04:36:53.891163904
318,318,Debit Card,140.38,2024-06-19 05:23:10.537579520
319,319,Debit Card,275.96,2024-06-04 12:21:00.635148032
320,320,Debit Card,115.18,2024-07-06 16:52:51.113879808
321,321,Credit Card,64.78,2024-07-01 12:43:53.766308864
322,322,Credit Card,62.32,2024-05-24 08:35:28.127221760
323,323,Debit Card,51.46,2024-08-08 09:51:47.002285568
324,324,Debit Card,98.07,2024-07-03 21:30:12.815704576
325,325,Debit Card,40.69,2024-06-21 06:37:23.033696512
326,326,PayPal,55.16,2024-05-31 23:33:22.892052736
327,327,Debit Card,133.28,2024-05-08 21:46:31.840330752
328,328,Credit Card,11.96,2024-07-08 18:05:05.825012224
329,329,PayPal,80.59,2024-07-15 04:49:27.336476928
330,330,Debit Card,282.78,2024-06-25 11:35:21.195523840
331,331,Credit Card,263.93,2024-05-03 16:00:34.314364928
332,332,Credit Card,2148.09,2024-05-13 15:32:04.808288512
333,333,PayPal,1206.52,2024-07-13 12:29:37.390274304
334,334,Debit Card,0.0,2024-06-05 14:32:45.110321920
335,335,Debit Card,47.96,2024-06-08 08:13:01.841688832
336,336,Credit Card,147.6,2024-08-04 01:23:26.665446656
337,337,Debit Card,17.99,2024-06-15 19:38:02.143097088
338,338,Credit Card,2879.52,2024-05-05 22:52:03.047597568
339,339,Debit Card,123.55,2024-07-24 15:14:49.468114688
340,340,Debit Card,11.99,2024-05-27 13:45:19.007978240
341,341,Debit Card,53.75,2024-06-25 00:56:23.930089472
342,342,Debit Card,182.31,2024-08-07 07:40:40.901394432
343,343,Debit Card,88.6,2024-06-10 13:39:13.029855488
344,344,Debit Card,51.84,2024-07-08 17:36:12.902824448
345,345,PayPal,899.97,2024-05-19 16:45:06.217198592
346,346,PayPal,67.64,2024-07-25 13:09:51.220170496
347,347,Debit Card,111.29,2024-06-30 01:40:45.104989440
348,348,PayPal,39.82,2024-07-08 02:50:13.247580672
349,349,PayPal,63.75,2024-06-08 10:39:54.582432512
350,350,Credit Card,813.14,2024-06-15 23:47:17.992070912
351,351,Credit Card,4.56,2024-07-26 12:46:26.184002560
352,352,PayPal,105.56,2024-05-12 11:50:26.470777344
353,353,Debit Card,204.0,2024-08-08 11:16:54.207566336
354,354,Debit Card,28.76,2024-07-04 19:52:36.851414528
355,355,Debit Card,23.99,2024-05-09 17:32:33.034753792
356,356,Credit Card,14.37,2024-06-02 17:14:13.207894016
357,357,Debit Card,6.59,2024-05-23 04:02:29.886552576
358,358,Credit Card,3023.64,2024-05-18 09:46:25.452019712
359,359,Credit Card,28.76,2024-05-25 03:58:03.630234880
360,360,Credit Card,206.19,2024-08-07 14:19:58.805324288
361,361,PayPal,71.97,2024-07-23 22:13:04.854464256
362,362,PayPal,47.99,2024-05-10 02:49:23.450419200
363,363,Credit Card,47.98,2024-06-09 12:59:19.942638080
364,364,PayPal,125.97,2024-07-20 22:58:32.747512832
365,365,PayPal,17.99,2024-05-23 01:50:41.025503232
366,366,PayPal,35.98,2024-06-04 17:32:41.282695424
367,367,Debit Card,18.59,2024-05-10 19:48:50.925141248
368,368,PayPal,32.74,2024-07-30 07:57:47.365736960
369,369,PayPal,89.8,2024-07-04 13:07:45.144470016
370,370,Credit Card,120.0,2024-06-16 06:39:48.522729984
371,371,Credit Card,35.97,2024-07-19 10:26:08.850025728
372,372,PayPal,35.96,2024-07-10 23:53:54.326307840
373,373,Debit Card,1771.2,2024-05-18 18:20:59.427770368
374,374,PayPal,25.18,2024-05-23 07:09:05.054182656
375,375,Credit Card,0.0,2024-07-02 01:00:07.447809792
376,376,PayPal,171.53,2024-07-05 00:22:46.850149632
377,377,PayPal,526.75,2024-07-03 21:01:54.821671424
378,378,PayPal,175.15,2024-05-13 18:23:09.711497472
379,379,Debit Card,155.97,2024-07-27 06:26:08.683335936
380,380,PayPal,92.84,2024-07-20 04:09:09.023141632
381,381,PayPal,53.2,2024-05-30 16:27:29.244445440
382,382,Debit Card,47.97,2024-07-21 14:43:46.901875968
383,383,Credit Card,356.0,2024-08-01 21:23:58.659980800
384,384,PayPal,207.68,2024-07-02 17:27:57.655555840
385,385,Credit Card,112.74,2024-06-28 03:13:36.094554624
386,386,PayPal,85.77,2024-05-04 20:18:06.494778368
387,387,Credit Card,59.98,2024-05-29 23:52:43.117693696
388,388,Debit Card,59.4,2024-05-06 18:21:21.218488064
389,389,Credit Card,14.88,2024-07-21 16:48:07.611204096
390,390,Debit Card,38.76,2024-07-28 00:44:01.427240960
391,391,Debit Card,98.48,2024-05-12 03:29:20.359902208
392,392,Debit Card,148.72,2024-06-04 01:48:22.698698752
393,393,Debit Card,43.18,2024-05-19 06:08:59.935041536
394,394,PayPal,6.59,2024-05-28 14:39:50.053906176
395,395,Credit Card,21.57,2024-05-23 12:51:31.365578496
396,396,Credit Card,61.16,2024-08-01 06:15:30.254906880
397,397,Credit Card,58.78,2024-07-09 12:11:11.772267008
398,398,PayPal,323.1,2024-05-22 13:42:10.187009536
399,399,PayPal,32.89,2024-05-09 17:55:36.784491776
400,400,PayPal,28.76,2024-07-01 02:21:22.219641088
401,401,Credit Card,55.15,2024-06-25 12:04:13.250246144
402,402,Credit Card,28958.74,2024-06-14 03:51:19.942598400
403,403,PayPal,577.38,2024-07-16 22:55:25.650582784
404,404,Debit Card,32.37,2024-05-04 19:27:20.070204416
405,405,Credit Card,69.52,2024-06-06 06:22:40.634474496
406,406,Credit Card,104.34,2024-06-14 02:57:49.534408448
407,407,PayPal,94.29,2024-05-02 17:20:55.985130752
408,408,Credit Card,665.53,2024-07-16 08:44:53.745474048
409,409,PayPal,223.82,2024-05-11 19:13:12.812954112
410,410,Credit Card,12.0,2024-06-23 18:04:22.027493376
411,411,Debit Card,63.29,2024-06-25 20:40:15.486580224
412,412,PayPal,158.06,2024-05-21 03:45:27.102947584
413,413,Debit Card,50.37,2024-05-11 20:55:37.197577216
414,414,Debit Card,17.99,2024-07-27 14:03:48.107880960
415,415,PayPal,239.98,2024-07-22 16:37:44.209189376
416,416,PayPal,179.97,2024-06-11 13:11:10.842300672
417,417,Credit Card,794.37,2024-06-22 17:41:24.786638848
418,418,PayPal,254.15,2024-05-24 10:29:17.107201792
419,419,Debit Card,570.58,2024-06-24 10:22:36.716006912
420,420,PayPal,220.76,2024-05-19 05:24:49.112198656
421,421,Credit Card,591.32,2024-08-04 03:03:56.494894336
422,422,Debit Card,33.59,2024-05-26 03:05:57.567621120
423,423,Debit Card,32.45,2024-05-23 06:13:28.683587072
424,424,PayPal,7.2,2024-07-06 22:39:38.835479808
425,425,Credit Card,142.72,2024-08-03 00:09:15.882904832
426,426,Debit Card,532.56,2024-05-24 05:07:03.218875392
427,427,Credit Card,47.96,2024-05-02 17:34:10.769684992
428,428,PayPal,81.58,2024-06-09 02:44:03.991067136
429,429,Credit Card,139.16,2024-07-21 23:02:52.364786176
430,430,Credit Card,176.81,2024-06-04 19:31:52.756961280
431,431,PayPal,25.17,2024-06-20 06:59:01.345879296
432,432,Debit Card,258.32,2024-06-06 06:55:20.676616192
433,433,Credit Card,374.35,2024-06-18 12:56:47.439705344
434,434,Debit Card,365.76,2024-06-22 14:31:12.427320576
435,435,Debit Card,180.59,2024-06-27 17:14:58.786435328
436,436,PayPal,116.81,2024-07-01 08:05:05.503865600
437,437,Debit Card,5494.54,2024-07-19 09:32:28.669486080
438,438,Debit Card,53.95,2024-07-08 17:06:22.356607232
439,439,PayPal,76.88,2024-06-02 12:12:18.797225472
440,440,Debit Card,1284.0,2024-05-04 22:44:17.717315328
441,441,Debit Card,575.6,2024-05-01 23:53:50.470686464
442,442,Debit Card,33.58,2024-06-25 10:23:18.655169536
443,443,Debit Card,0.0,2024-07-02 14:39:52.637155840
444,444,PayPal,56.94,2024-05-20 07:47:01.226610944
445,445,Debit Card,12.0,2024-05-28 10:41:43.686182144
446,446,Credit Card,25.2,2024-06-07 05:39:48.601439744
447,447,Credit Card,43.3,2024-06-11 21:17:49.685226752
448,448,Credit Card,86.09,2024-07-23 21:03:35.351857408
449,449,PayPal,88.02,2024-06-15 22:13:47.609751296
450,450,Debit Card,64.2,2024-05-24 19:49:45.158422784
451,451,Credit Card,179.97,2024-06-05 07:41:47.274728960
452,452,Debit Card,51.53,2024-05-16 21:41:56.921284352
453,453,Credit Card,22.78,2024-08-03 21:20:43.230948864
454,454,PayPal,52.75,2024-05-18 18:51:39.654263808
455,455,Credit Card,351.11,2024-07-27 23:12:20.457585664
456,456,PayPal,1555.28,2024-07-25 10:01:21.159627008
457,457,Credit Card,47.88,2024-07-06 11:52:44.834897408
458,458,Debit Card,1037.22,2024-06-21 16:51:54.856360704
459,459,Debit Card,775.06,2024-06-19 12:40:48.446021376
460,460,Credit Card,2968.76,2024-07-04 03:58:02.556865792
461,461,Debit Card,178.66,2024-06-14 22:02:52.427324672
462,462,Credit Card,38.35,2024-05-22 21:10:00.081559296
463,463,Credit Card,183.89,2024-07-22 19:56:18.165244928
464,464,PayPal,129.54,2024-06-25 02:56:21.312394496
465,465,PayPal,104.35,2024-06-29 05:17:08.022454784
466,466,Credit Card,95.98,2024-07-11 23:28:08.642531328
467,467,PayPal,1109.87,2024-07-31 10:32:20.963214592
468,468,Debit Card,225.75,2024-07-13 18:55:25.551926016
469,469,Debit Card,47.94,2024-07-21 07:53:23.103019520
470,470,PayPal,287.97,2024-07-06 03:13:51.651566336
471,471,Debit Card,161.95,2024-05-04 12:05:03.442829056
472,472,Debit Card,47.98,2024-08-04 02:14:43.944953600
473,473,PayPal,175.77,2024-05-29 13:33:34.732423680
474,474,Credit Card,55.57,2024-05-04 00:46:15.706454272
475,475,PayPal,67.15,2024-08-02 01:50:23.696485120
476,476,Debit Card,286.04,2024-07-11 08:25:58.980423680
477,477,Debit Card,10.79,2024-05-23 13:22:08.868719616
478,478,Debit Card,197.9,2024-07-04 12:28:47.513555200
479,479,Credit Card,119.96,2024-05-26 04:19:34.458611456
480,480,Debit Card,424.77,2024-07-22 07:14:15.297520896
481,481,Debit Card,567.69,2024-06-25 19:25:12.005403648
482,482,Debit Card,40.55,2024-05-13 16:35:08.803045888
483,483,Credit Card,110.36,2024-05-14 23:26:30.485068288
484,484,Credit Card,9.59,2024-06-23 06:31:05.242750720
485,485,Credit Card,195.67,2024-07-03 05:25:34.313851392
486,486,PayPal,312.52,2024-05-25 08:17:54.071067648
487,487,PayPal,21.58,2024-05-25 08:56:13.714545920
488,488,Credit Card,348.96,2024-05-16 20:15:04.709768704
489,489,PayPal,64.13,2024-06-30 17:00:42.941369600
490,490,Debit Card,309.15,2024-06-17 10:38:19.182743296
491,491,Credit Card,96.0,2024-05-29 07:43:59.257570816
492,492,Credit Card,40.77,2024-07-01 10:47:39.058107904
493,493,Credit Card,1203.43,2024-05-02 03:25:34.732116736
494,494,Debit Card,62.4,2024-05-21 16:49:45.330419200
495,495,Debit Card,80.63,2024-07-13 00:37:26.728768512
496,496,Debit Card,50.4,2024-07-01 22:08:33.897224448
497,497,Credit Card,70.78,2024-06-18 19:56:06.533731328
498,498,PayPal,193.42,2024-05-27 15:55:21.906621184
499,499,Debit Card,47.96,2024-06-29 08:27:04.112399872
500,500,PayPal,86.15,2024-07-08 06:33:09.915409920
501,501,Credit Card,109.31,2024-05-25 01:26:20.223716096
502,502,PayPal,137.85,2024-07-31 16:40:48.860934912
503,503,Credit Card,119.99,2024-06-24 22:31:09.211739392
504,504,Credit Card,52.76,2024-05-14 04:31:56.974013696
505,505,Debit Card,533.92,2024-06-06 08:31:27.224973056
506,506,Debit Card,83.99,2024-07-18 11:15:17.159508480
507,507,PayPal,76.15,2024-07-19 12:00:45.150944256
508,508,Credit Card,59.63,2024-05-13 09:47:02.340762880
509,509,PayPal,164.36,2024-05-27 00:27:45.033269248
510,510,PayPal,101.95,2024-06-12 23:23:29.247151360
511,511,Credit Card,35.99,2024-05-16 15:06:38.839879168
512,512,Credit Card,179.69,2024-07-25 04:22:33.862682368
513,513,Credit Card,23.98,2024-06-24 07:33:33.625257472
514,514,PayPal,22.77,2024-06-22 14:16:02.266724608
515,515,Credit Card,67.2,2024-06-09 10:22:20.175539200
516,516,Credit Card,53.96,2024-05-31 19:03:47.170995968
517,517,Debit Card,62.34,2024-06-16 14:58:24.934265600
518,518,Debit Card,95.9,2024-07-29 22:59:42.714167296
519,519,Credit Card,173.99,2024-06-12 12:20:28.378926592
520,520,PayPal,354.7,2024-06-22 02:43:24.577706752
521,521,Debit Card,124.68,2024-06-06 12:46:13.463539200
522,522,PayPal,50.82,2024-05-28 15:04:33.768907264
523,523,Debit Card,107.1,2024-05-18 04:02:03.519523840
524,524,Credit Card,134.02,2024-07-27 23:00:54.892344320
525,525,Credit Card,119.95,2024-05-30 05:31:20.862335744
526,526,Debit Card,549.43,2024-07-06 10:57:15.853527296
527,527,Debit Card,53.48,2024-05-12 08:28:04.964203776
528,528,Credit Card,32.01,2024-06-19 22:20:45.362592768
529,529,PayPal,35.96,2024-05-03 04:19:58.243084288
530,530,Debit Card,12.0,2024-07-06 01:02:13.626168064
531,531,PayPal,5.1,2024-07-17 02:52:23.193105152
532,532,Credit Card,590.95,2024-07-30 11:56:38.568728320
533,533,Credit Card,145.17,2024-06-28 09:46:49.123090176
534,534,Debit Card,22.08,2024-07-04 15:42:17.487791872
535,535,Credit Card,105.58,2024-07-30 09:09:31.486142720
536,536,PayPal,728.86,2024-07-18 08:22:00.178178304
537,537,Credit Card,2.39,2024-06-30 09:03:23.914443008
538,538,PayPal,173.96,2024-05-15 10:58:54.740683520
539,539,PayPal,121.16,2024-08-08 09:29:58.771272704
540,540,Debit Card,386.84,2024-06-27 15:21:52.657760
541,541,Credit Card,85.82,2024-06-23 04:56:57.506235136
542,542,PayPal,92.33,2024-05-02 06:21:13.402868992
543,543,Debit Card,93.54,2024-06-18 10:13:16.330130432
544,544,PayPal,836.31,2024-05-19 02:43:37.716126720
545,545,PayPal,1.3,2024-08-05 17:43:04.219557888
546,546,Credit Card,28.8,2024-06-27 22:22:46.643169024
547,547,Credit Card,607.68,2024-05-12 09:34:18.505263360
548,548,Credit Card,256.16,2024-05-08 07:36:57.164008960
549,549,Credit Card,23.88,2024-05-09 20:51:53.770851584
550,550,Debit Card,274.63,2024-05-11 11:41:30.526223360
551,551,Debit Card,63.1,2024-06-08 18:43:22.439495936
552,552,PayPal,244.76,2024-06-15 01:21:23.405115648
553,553,Credit Card,165.53,2024-06-21 03:29:21.404319232
554,554,Debit Card,1581.5,2024-05-16 05:30:59.834617344
555,555,Debit Card,9.59,2024-07-17 17:37:37.546011392
556,556,Debit Card,59.96,2024-07-19 06:59:31.333564928
557,557,Debit Card,324.38,2024-07-12 04:19:01.077520384
558,558,Debit Card,138.56,2024-07-27 00:39:23.834670336
559,559,PayPal,115.16,2024-05-02 00:09:09.732358656
560,560,PayPal,219.07,2024-05-08 13:05:33.817048064
561,561,Credit Card,53.35,2024-05-19 20:32:17.475679232
562,562,PayPal,21.58,2024-07-29 16:50:49.343924224
563,563,PayPal,82.13,2024-06-14 13:41:02.470567680
564,564,PayPal,64.72,2024-07-27 04:38:02.937538560
565,565,Debit Card,35.97,2024-06-16 18:39:24.301577216
566,566,Credit Card,215.95,2024-05-18 18:55:13.870772736
567,567,Credit Card,44.76,2024-05-20 13:54:53.448299520
568,568,Debit Card,35.97,2024-05-31 08:33:48.342123264
569,569,PayPal,219.04,2024-06-14 13:19:51.466943744
570,570,Debit Card,59.82,2024-07-07 02:30:23.212764416
571,571,PayPal,490.54,2024-07-23 06:13:23.919322880
572,572,Debit Card,123.56,2024-08-05 12:40:20.758838784
573,573,Debit Card,86.38,2024-06-05 00:27:59.317425664
574,574,Debit Card,11.98,2024-07-23 02:06:28.266417920
575,575,Debit Card,97.15,2024-05-22 21:19:58.572939264
576,576,Debit Card,23.98,2024-07-31 16:29:11.171965440
577,577,Debit Card,1842.84,2024-07-01 18:36:06.151645952
578,578,Credit Card,7.19,2024-05-31 10:57:01.437999360
579,579,Credit Card,24.0,2024-06-11 19:04:43.532420352
580,580,Credit Card,29.98,2024-08-02 02:07:00.557562112
581,581,Debit Card,38.33,2024-06-17 01:13:24.471215616
582,582,PayPal,1452.7,2024-07-18 17:30:22.203848192
583,583,PayPal,41.21,2024-06-14 00:07:04.450002944
584,584,Debit Card,91.1,2024-07-24 17:43:06.315701504
585,585,PayPal,57.57,2024-07-24 08:22:00.081513728
586,586,Credit Card,10.79,2024-06-26 03:07:07.406054912
587,587,PayPal,27.8,2024-06-21 14:56:38.233923840
588,588,PayPal,263.96,2024-07-18 06:46:27.694241536
589,589,PayPal,26.35,2024-06-03 09:15:13.475354880
590,590,Credit Card,143.76,2024-05-21 22:38:13.145406464
591,591,PayPal,139.19,2024-06-24 02:39:19.052801280
592,592,Debit Card,174.48,2024-06-18 04:53:54.034804224
593,593,Debit Card,71.93,2024-06-20 18:37:30.494932480
594,594,Debit Card,144.93,2024-07-10 10:35:09.236757504
595,595,PayPal,20.86,2024-07-29 15:29:45.899376128
596,596,Debit Card,22.77,2024-06-23 07:11:21.729108480
597,597,Debit Card,553.17,2024-08-05 06:57:45.297448192
598,598,Credit Card,67.03,2024-05-15 21:47:02.656230656
599,599,Debit Card,2303.98,2024-05-04 17:24:22.793965056
600,600,Debit Card,14.38,2024-06-25 21:02:52.756434176
601,601,PayPal,50.38,2024-06-03 00:46:41.215590144
602,602,Credit Card,179.48,2024-07-21 01:54:01.210883328
603,603,Debit Card,199.75,2024-07-24 11:32:38.144408320
604,604,PayPal,89.97,2024-07-02 05:55:38.417663744
605,605,Debit Card,37.1,2024-05-13 20:32:33.338722304
606,606,PayPal,17.99,2024-07-30 00:40:02.309791744
607,607,Debit Card,108.8,2024-06-08 11:46:29.036466688
608,608,PayPal,148.76,2024-05-07 18:08:15.773971200
609,609,PayPal,61.16,2024-07-25 07:40:02.624833024
610,610,Debit Card,242.23,2024-07-27 10:29:54.796549376
611,611,PayPal,36.0,2024-05-28 01:08:11.737871360
612,612,PayPal,43.18,2024-05-11 05:32:04.845262848
613,613,Credit Card,225.5,2024-06-01 10:41:07.610707712
614,614,PayPal,35.97,2024-05-31 16:51:01.027845376
615,615,PayPal,189.52,2024-07-17 05:35:44.930300416
616,616,Debit Card,859.76,2024-05-24 01:00:50.591115008
617,617,Credit Card,23.98,2024-06-14 01:38:41.109927680
618,618,Credit Card,11.99,2024-08-03 12:13:15.586706688
619,619,Debit Card,7.19,2024-05-30 16:36:23.786799616
620,620,Credit Card,743.76,2024-07-11 12:42:06.302135040
621,621,PayPal,35.97,2024-07-28 12:32:52.282188032
622,622,Credit Card,357.47,2024-07-31 08:26:54.512386560
623,623,Debit Card,300.08,2024-06-27 21:26:00.113787904
624,624,PayPal,18.0,2024-07-18 22:39:52.258393344
625,625,Debit Card,384.51,2024-06-14 04:42:27.966918400
626,626,Credit Card,167.36,2024-05-20 03:39:02.719777280
627,627,Credit Card,29.23,2024-07-27 19:20:17.771572992
628,628,PayPal,35.98,2024-07-13 03:36:41.355946496
629,629,Credit Card,98.61,2024-05-11 00:55:46.880543488
630,630,PayPal,525.21,2024-07-08 10:50:52.253239552
631,631,Debit Card,79.4,2024-05-09 00:13:07.068784384
632,632,Debit Card,14.38,2024-05-25 06:45:24.564232960
633,633,Debit Card,33.56,2024-07-19 13:32:51.920509952
634,634,PayPal,143.96,2024-05-14 07:02:14.051671296
635,635,Credit Card,10.56,2024-05-29 20:32:06.163226880
636,636,Credit Card,431.93,2024-06-25 12:53:55.015586816
637,637,Credit Card,8.39,2024-05-12 01:16:55.623572992
638,638,Credit Card,6.96,2024-06-03 16:17:15.867314944
639,639,Credit Card,85.88,2024-06-28 14:08:57.219883264
640,640,Credit Card,104.33,2024-07-04 03:30:29.353228800
641,641,Debit Card,21.56,2024-05-05 14:07:13.528430080
642,642,Debit Card,126.73,2024-08-05 12:21:14.183466496
643,643,PayPal,35.98,2024-07-31 03:48:14.047883776
644,644,Credit Card,2.64,2024-05-09 15:22:32.506341376
645,645,PayPal,70.19,2024-06-04 10:21:19.207613440
646,646,PayPal,91.24,2024-07-22 02:51:46.048153088
647,647,PayPal,42.96,2024-05-07 16:01:33.636410880
648,648,Credit Card,133.68,2024-06-03 02:56:21.496721664
649,649,Credit Card,125.97,2024-07-03 12:48:52.990823424
650,650,PayPal,103.98,2024-06-07 10:54:13.490776832
651,651,Debit Card,150.57,2024-07-20 15:32:01.632893184
652,652,PayPal,849.0,2024-05-17 05:21:17.439762944
653,653,PayPal,434.37,2024-06-17 00:19:23.055463936
654,654,Debit Card,10.19,2024-07-28 10:01:12.083975424
655,655,Debit Card,179.99,2024-05-07 17:04:52.103977728
656,656,Debit Card,11.99,2024-06-18 18:19:01.602220800
657,657,Debit Card,2112.34,2024-06-27 18:41:34.358525952
658,658,PayPal,104.37,2024-05-07 18:17:58.358804736
659,659,Credit Card,129.05,2024-05-24 05:35:36.782783488
660,660,Credit Card,405.81,2024-05-22 11:49:30.856978688
661,661,PayPal,195.55,2024-06-24 13:41:16.222159616
662,662,Debit Card,65.95,2024-06-06 20:15:12.863857408
663,663,Debit Card,21.57,2024-07-13 15:08:09.497190656
664,664,Debit Card,337.15,2024-05-17 10:29:42.011808512
665,665,Credit Card,580.84,2024-07-14 13:38:16.920459264
666,666,Debit Card,17.97,2024-07-01 06:07:42.544546816
667,667,Credit Card,179.97,2024-07-21 00:38:38.510493184
668,668,Debit Card,36.0,2024-07-24 22:59:50.412427008
669,669,Debit Card,281.98,2024-06-13 19:42:38.937408256
670,670,PayPal,80.49,2024-06-29 23:24:05.048143360
671,671,Debit Card,21.57,2024-05-04 20:28:02.972238592
672,672,PayPal,35.99,2024-07-30 15:55:43.190018048
673,673,PayPal,1371.56,2024-05-06 16:36:27.161749504
674,674,Debit Card,152.61,2024-06-07 15:55:42.783472384
675,675,Debit Card,5425.46,2024-05-09 14:29:16.614869248
676,676,PayPal,15.8,2024-06-16 06:53:26.610899968
677,677,Debit Card,11.8,2024-07-10 17:53:26.140248832
678,678,Debit Card,21.6,2024-05-19 14:34:33.258876928
679,679,PayPal,0.0,2024-06-01 18:45:51.633826560
680,680,Debit Card,82.77,2024-07-22 11:23:55.652075776
681,681,Credit Card,711.57,2024-05-19 18:39:39.153631488
682,682,Debit Card,54.31,2024-07-13 09:58:27.898682880
683,683,Debit Card,76.76,2024-07-31 21:03:42.577418496
684,684,Debit Card,70.66,2024-06-14 13:32:24.898187264
685,685,Credit Card,92.36,2024-08-04 08:02:49.839720960
686,686,PayPal,332.26,2024-07-14 23:51:23.373870080
687,687,PayPal,9.9,2024-05-29 18:26:36.437225984
688,688,Credit Card,32.38,2024-08-05 18:53:11.221845760
689,689,Debit Card,90.12,2024-07-11 06:32:05.828427264
690,690,Credit Card,17.99,2024-06-11 12:20:08.353665280
691,691,Credit Card,52.72,2024-06-30 18:59:39.655772160
692,692,PayPal,19.77,2024-06-12 20:38:14.392045312
693,693,PayPal,292.26,2024-07-09 08:07:18.489914880
694,694,Debit Card,4.66,2024-05-18 06:37:41.843671808
695,695,Debit Card,86.34,2024-05-03 11:15:56.013569280
696,696,Debit Card,719.97,2024-08-01 22:55:37.994511360
697,697,Debit Card,88.75,2024-05-04 04:30:23.882985728
698,698,Debit Card,3.59,2024-07-02 11:52:39.642582272
699,699,Credit Card,95.96,2024-06-19 16:10:38.824690432
700,700,Credit Card,21.32,2024-06-11 02:50:36.054155264
701,701,Credit Card,96.84,2024-07-09 19:41:03.695318528
702,702,Credit Card,4.8,2024-08-03 16:02:02.145551104
703,703,Credit Card,1082.16,2024-07-13 23:19:02.660040704
704,704,PayPal,47.96,2024-06-10 23:05:03.333716992
705,705,Credit Card,45.56,2024-05-11 15:30:16.975387136
706,706,Debit Card,127.84,2024-07-10 18:48:43.117968640
707,707,PayPal,71.97,2024-07-21 18:13:41.033147136
708,708,PayPal,28.53,2024-07-26 21:09:33.717358848
709,709,PayPal,19.18,2024-06-26 07:31:36.086320640
710,710,Debit Card,39.57,2024-06-27 22:35:16.593784064
711,711,PayPal,21.36,2024-07-03 12:26:22.687578880
712,712,Debit Card,226.05,2024-06-05 10:59:24.390614272
713,713,Credit Card,23.28,2024-06-23 22:36:27.819916032
714,714,Debit Card,19.19,2024-06-13 10:29:31.949846528
715,715,Debit Card,153.83,2024-06-01 12:48:05.733232896
716,716,Debit Card,69.54,2024-07-03 07:21:21.049579520
717,717,Credit Card,3.24,2024-07-17 23:14:20.368041472
718,718,PayPal,34.13,2024-06-04 21:14:22.468810496
719,719,Credit Card,28.75,2024-07-30 03:20:47.561661184
720,720,Credit Card,100.76,2024-06-27 02:12:28.035444224
721,721,PayPal,590.22,2024-07-21 17:07:36.507973632
722,722,PayPal,121.11,2024-05-13 22:39:09.660788224
723,723,Credit Card,105.53,2024-05-26 03:22:05.041687040
724,724,Debit Card,43.18,2024-05-02 14:37:07.700472320
725,725,PayPal,19.17,2024-05-22 15:09:22.277058816
726,726,Debit Card,1364.23,2024-05-16 12:02:51.684231680
727,727,Credit Card,167.96,2024-05-24 20:10:08.633253376
728,728,Debit Card,110.36,2024-07-27 21:48:49.546689024
729,729,Debit Card,134.32,2024-05-04 22:17:29.345733888
730,730,PayPal,486.0,2024-06-28 01:50:55.819564032
731,731,Credit Card,29.62,2024-07-03 03:24:57.434333696
732,732,Debit Card,15.36,2024-05-08 01:47:03.130726400
733,733,PayPal,59.99,2024-06-26 03:57:20.586539520
734,734,PayPal,266.44,2024-06-05 09:28:33.417914624
735,735,PayPal,275.76,2024-06-22 08:47:37.260343552
736,736,Debit Card,7.2,2024-05-06 15:06:15.862046976
737,737,PayPal,27.58,2024-06-08 12:35:06.855810048
738,738,PayPal,26.97,2024-05-26 18:16:25.207429632
739,739,Debit Card,772.71,2024-05-16 00:12:46.815224320
740,740,PayPal,128.37,2024-06-05 00:00:18.657350656
741,741,Debit Card,1147.18,2024-07-18 07:17:49.941244416
742,742,PayPal,47.96,2024-07-27 09:58:12.541723392
743,743,Credit Card,4.79,2024-05-07 22:15:04.796153600
744,744,Debit Card,243.55,2024-06-11 20:14:42.543217920
745,745,Credit Card,61.72,2024-07-19 17:21:17.297563648
746,746,PayPal,118.74,2024-05-21 07:13:02.783955968
747,747,Debit Card,175.86,2024-07-14 19:54:13.014820864
748,748,PayPal,144.06,2024-06-18 21:01:55.021282048
749,749,Debit Card,108.5,2024-07-04 00:39:53.384770048
750,750,PayPal,988.0,2024-05-30 00:41:35.019693312
751,751,Credit Card,7.2,2024-05-03 11:33:11.080944896
752,752,Credit Card,63.53,2024-05-09 22:22:37.352834048
753,753,Credit Card,178.92,2024-06-22 06:14:08.669101824
754,754,Credit Card,47.96,2024-05-26 05:02:46.727361280
755,755,Credit Card,38.12,2024-06-16 00:28:20.776679936
756,756,Credit Card,118.5,2024-07-06 07:37:40.900712192
757,757,Credit Card,178.28,2024-06-08 23:46:25.751914240
758,758,Debit Card,41.86,2024-07-11 19:43:41.264679680
759,759,Credit Card,33.58,2024-06-17 08:01:07.458397696
760,760,PayPal,0.0,2024-06-25 22:12:21.482155008
761,761,PayPal,69.55,2024-07-17 22:25:16.208231424
762,762,PayPal,223.32,2024-05-20 13:45:35.668434432
763,763,Credit Card,81.55,2024-07-06 14:26:11.519035136
764,764,PayPal,93.66,2024-05-08 04:01:29.972544512
765,765,PayPal,59.96,2024-05-19 15:16:08.917370880
766,766,Credit Card,37.29,2024-06-17 04:21:22.655643648
767,767,Credit Card,136.09,2024-05-02 22:25:20.294046464
768,768,Debit Card,56.32,2024-06-16 16:00:14.697805312
769,769,Credit Card,71.97,2024-05-19 22:46:54.609004032
770,770,Debit Card,718.52,2024-05-04 03:02:00.618281472
771,771,Debit Card,167.92,2024-06-26 21:08:48.766885376
772,772,PayPal,729.58,2024-06-26 09:13:41.138842624
773,773,Debit Card,16.78,2024-07-11 11:17:25.266489344
774,774,PayPal,67.2,2024-08-02 19:32:55.368976128
775,775,Credit Card,37.05,2024-05-19 23:52:04.000986624
776,776,Debit Card,4.79,2024-07-08 12:45:39.527919104
777,777,Credit Card,700.72,2024-05-12 17:04:49.518672896
778,778,Debit Card,92.16,2024-06-20 17:09:06.584603648
779,779,Credit Card,7.2,2024-06-18 12:09:11.433251584
780,780,PayPal,31.16,2024-06-06 14:59:59.694352640
781,781,Credit Card,112.64,2024-06-21 22:42:44.940410112
782,782,PayPal,732.34,2024-06-08 21:22:08.508252928
783,783,PayPal,34.75,2024-06-18 17:22:45.585239296
784,784,Debit Card,21.59,2024-05-03 02:06:24.245574144
785,785,Credit Card,7.19,2024-08-07 11:22:37.808235264
786,786,Debit Card,154.66,2024-06-15 17:58:53.924651520
787,787,PayPal,139.49,2024-07-01 02:54:08.516279552
788,788,Debit Card,230.69,2024-07-21 21:58:50.350654720
789,789,Credit Card,86.32,2024-07-28 20:01:38.625628160
790,790,PayPal,244.75,2024-07-11 17:40:01.224882176
791,791,Debit Card,32.55,2024-05-17 14:26:28.910696704
792,792,Debit Card,3.3,2024-06-05 12:44:25.609812992
793,793,PayPal,207.02,2024-05-28 06:26:27.114383104
794,794,Credit Card,300.4,2024-05-11 22:36:40.814850304
795,795,Credit Card,758.6,2024-06-12 12:54:00.797039104
796,796,PayPal,116.22,2024-06-23 16:39:31.121714688
797,797,PayPal,194.01,2024-08-08 15:13:26.653364992
798,798,Credit Card,47.96,2024-07-17 01:24:48.206876416
799,799,Debit Card,63.8,2024-07-12 16:24:43.813129728
800,800,PayPal,27.57,2024-05-08 07:24:06.649046272
801,801,PayPal,62.36,2024-05-22 17:59:36.126732288
802,802,Credit Card,124.05,2024-07-02 03:46:18.273036800
803,803,Debit Card,29.01,2024-06-28 06:14:42.335636992
804,804,Credit Card,8.4,2024-08-04 21:43:35.140422400
805,805,Credit Card,11.96,2024-05-19 03:56:37.958150912
806,806,Credit Card,46.74,2024-07-11 18:42:14.690873856
807,807,Debit Card,239.93,2024-05-15 00:24:22.333924864
808,808,PayPal,38.98,2024-08-05 12:19:12.169795584
809,809,Credit Card,110.36,2024-06-14 02:15:49.337765632
810,810,Debit Card,110.32,2024-06-16 00:33:51.301007360
811,811,PayPal,74.35,2024-06-25 16:17:53.760393216
812,812,Credit Card,873.77,2024-08-01 10:15:25.693454336
813,813,Debit Card,234.32,2024-05-10 22:20:45.764085248
814,814,PayPal,23.99,2024-06-15 19:35:39.773213952
815,815,Debit Card,97.17,2024-08-06 09:35:42.580320256
816,816,Credit Card,522.92,2024-06-04 13:31:55.479679744
817,817,Credit Card,7.16,2024-05-12 23:34:41.827069440
818,818,Debit Card,10.79,2024-05-02 21:58:02.750919424
819,819,Debit Card,11.88,2024-06-10 19:50:47.887874560
820,820,Debit Card,167.96,2024-05-03 04:55:29.982881536
821,821,PayPal,73.13,2024-08-06 08:27:58.734625536
822,822,PayPal,133.71,2024-06-23 18:09:03.300921344
823,823,PayPal,15.59,2024-06-30 06:29:02.895276288
824,824,Debit Card,50.37,2024-06-01 21:25:36.974861056
825,825,PayPal,196.72,2024-08-05 06:31:13.115210240
826,826,Debit Card,1254.88,2024-07-05 13:36:40.987410944
827,827,Debit Card,165.57,2024-05-21 06:25:25.681042432
828,828,Debit Card,240.49,2024-07-17 07:55:46.676375040
829,829,PayPal,2683.92,2024-07-06 06:01:08.217996544
830,830,Debit Card,157.13,2024-05-19 20:01:44.437323520
831,831,PayPal,320.91,2024-06-02 16:57:34.933557760
832,832,Credit Card,35.97,2024-06-12 09:55:57.751569664
833,833,Debit Card,43.8,2024-07-31 08:41:53.211572480
834,834,PayPal,3.58,2024-07-07 21:55:41.647974912
835,835,PayPal,95.97,2024-07-13 15:43:29.904810752
836,836,Debit Card,595.7,2024-07-11 11:39:12.077614080
837,837,Debit Card,52.78,2024-07-24 03:05:20.269634816
838,838,PayPal,7.92,2024-07-25 21:41:32.882513152
839,839,Debit Card,48.22,2024-06-18 11:50:51.837133568
840,840,Debit Card,149.87,2024-06-24 17:07:41.029270272
841,841,PayPal,2848.28,2024-05-21 21:08:10.580325888
842,842,PayPal,240.36,2024-06-02 21:03:59.459824384
843,843,Credit Card,51.57,2024-07-22 04:59:30.983999488
844,844,PayPal,225.54,2024-06-16 15:08:10.081803264
845,845,PayPal,37.19,2024-08-07 18:58:36.332052224
846,846,Debit Card,47.36,2024-07-02 10:06:11.794074880
847,847,Credit Card,607.13,2024-07-02 02:49:02.083615232
848,848,PayPal,40.15,2024-06-19 21:10:28.032637952
849,849,Debit Card,116.36,2024-06-10 11:22:56.538692608
850,850,PayPal,19.2,2024-05-22 08:20:35.228174080
851,851,PayPal,21.58,2024-06-12 14:49:29.800734208
852,852,PayPal,47.98,2024-05-17 03:35:30.731607552
853,853,Credit Card,143.76,2024-05-10 02:43:16.726430208
854,854,PayPal,226.73,2024-06-24 20:03:47.869116672
855,855,Debit Card,347.04,2024-05-13 18:04:32.490389504
856,856,Debit Card,43.64,2024-07-06 00:18:55.239199488
857,857,Credit Card,26.06,2024-06-18 22:31:53.078397184
858,858,Credit Card,55.42,2024-06-21 07:40:18.843304704
859,859,Debit Card,33.56,2024-08-07 16:08:55.357538816
860,860,Credit Card,80.97,2024-07-11 05:41:52.114635008
861,861,Debit Card,26.39,2024-05-08 08:55:45.852780800
862,862,PayPal,232.09,2024-05-14 03:24:16.432285184
863,863,PayPal,76.8,2024-05-29 07:59:45.015486208
864,864,PayPal,80.25,2024-07-04 11:26:53.726984704
865,865,Credit Card,144.0,2024-06-15 16:04:51.204609280
866,866,PayPal,66.68,2024-06-05 12:46:21.908282112
867,867,Credit Card,12.96,2024-06-22 14:29:51.144655616
868,868,Credit Card,3.3,2024-05-26 12:52:56.654128384
869,869,Debit Card,522.0,2024-07-01 13:43:47.184762624
870,870,Debit Card,93.59,2024-07-30 07:51:17.365242368
871,871,Debit Card,205.73,2024-06-05 12:39:17.307244288
872,872,Credit Card,88.18,2024-06-28 06:18:30.902447616
873,873,Debit Card,35.97,2024-05-04 20:02:08.876744448
874,874,PayPal,213.35,2024-05-21 13:37:48.376422912
875,875,Debit Card,148.74,2024-05-12 00:13:36.452654848
876,876,PayPal,111.43,2024-07-22 15:04:12.004714496
877,877,Debit Card,210.88,2024-05-31 04:01:21.845568512
878,878,PayPal,50.34,2024-07-23 16:09:57.348589312
879,879,Debit Card,41.97,2024-06-23 01:37:39.017700352
880,880,Credit Card,161.95,2024-07-03 06:55:35.637950464
881,881,PayPal,139.49,2024-07-03 18:47:16.839760384
882,882,Debit Card,1426.8,2024-07-10 10:22:53.618081792
883,883,Debit Card,46.44,2024-06-17 17:52:42.836787456
884,884,Credit Card,32.85,2024-07-10 19:39:20.330734848
885,885,Debit Card,66.0,2024-06-07 08:41:25.087517696
886,886,Credit Card,209.91,2024-07-31 00:37:08.568809728
887,887,Credit Card,5445.58,2024-06-25 01:42:46.830881280
888,888,Debit Card,169.44,2024-05-13 10:51:31.040588800
889,889,Credit Card,129.51,2024-05-15 04:41:32.465476864
890,890,PayPal,1343.76,2024-07-17 01:25:44.532010240
891,891,PayPal,21.57,2024-05-27 18:02:56.321287168
892,892,PayPal,91.16,2024-05-25 20:59:34.809072384
893,893,Debit Card,121.01,2024-05-02 20:36:22.937958912
894,894,PayPal,206.45,2024-06-26 05:51:00.005127168
895,895,PayPal,207.67,2024-08-05 07:57:40.273768704
896,896,PayPal,1650.91,2024-06-30 02:35:55.812193536
897,897,Credit Card,47.89,2024-05-17 10:29:17.689907712
898,898,Debit Card,355.35,2024-07-16 16:38:19.812434176
899,899,Debit Card,59.79,2024-08-02 15:29:57.752886784
900,900,Debit Card,225.96,2024-07-14 00:10:06.956886016
901,901,Debit Card,458.83,2024-06-18 16:35:31.228743424
902,902,PayPal,231.28,2024-05-02 16:54:56.893211392
903,903,PayPal,311.81,2024-06-13 00:13:55.209764096
904,904,PayPal,68.35,2024-06-13 08:55:10.551897088
905,905,PayPal,6.59,2024-05-08 21:01:47.402191872
906,906,Debit Card,7.18,2024-07-01 23:59:58.995854336
907,907,Debit Card,155.93,2024-05-30 07:43:25.695691264
908,908,Debit Card,71.96,2024-05-16 11:47:25.119300352
909,909,Debit Card,585.22,2024-07-22 11:00:06.113680640
910,910,Credit Card,137.91,2024-07-03 02:36:09.109005312
911,911,PayPal,237.72,2024-05-23 10:08:03.891399424
912,912,PayPal,33.58,2024-07-09 17:50:44.890320640
913,913,Credit Card,296.34,2024-07-04 07:46:25.332252416
914,914,PayPal,64.74,2024-05-13 14:41:25.559916544
915,915,Debit Card,159.52,2024-07-31 07:14:11.496863232
916,916,PayPal,107.97,2024-06-28 02:07:19.009619456
917,917,PayPal,277.72,2024-07-14 04:40:24.745555968
918,918,Debit Card,133.91,2024-06-29 12:47:27.357987584
919,919,Debit Card,117.07,2024-06-12 14:36:55.359112704
920,920,Credit Card,179.94,2024-08-08 06:17:32.413720064
921,921,PayPal,7.19,2024-06-19 05:29:25.948531712
922,922,Debit Card,25.11,2024-07-15 05:17:49.268086272
923,923,Credit Card,23.96,2024-05-02 21:31:28.914744064
924,924,Debit Card,171.81,2024-07-11 20:50:14.381614080
925,925,Credit Card,77.91,2024-05-10 17:32:17.153939456
926,926,PayPal,17.94,2024-05-02 19:05:55.992879360
927,927,PayPal,527.52,2024-07-10 01:25:02.784371712
928,928,PayPal,143.92,2024-05-21 20:23:58.680241408
929,929,PayPal,13.19,2024-08-04 13:46:14.179010304
930,930,Debit Card,25.2,2024-07-22 04:51:43.009249024
931,931,Credit Card,121.49,2024-06-14 01:24:29.781200384
932,932,PayPal,3.94,2024-07-03 05:46:47.620460032
933,933,Debit Card,74.8,2024-05-16 18:38:04.641059328
934,934,Debit Card,20.28,2024-07-22 12:54:10.581521920
935,935,Credit Card,23.98,2024-07-26 02:39:23.996217856
936,936,PayPal,46.76,2024-05-15 14:10:11.233939200
937,937,Debit Card,83.97,2024-06-12 16:49:58.201053952
938,938,Credit Card,14.39,2024-07-14 03:24:36.834700288
939,939,Debit Card,89.97,2024-05-17 15:20:23.349729024
940,940,Debit Card,407.72,2024-05-14 03:19:14.429858560
941,941,Debit Card,343.06,2024-07-21 11:15:58.208096256
942,942,PayPal,215.94,2024-05-04 15:37:04.614847488
943,943,Credit Card,110.34,2024-05-23 16:21:27.216091136
944,944,Debit Card,61.54,2024-07-26 15:03:45.616261888
945,945,Debit Card,79.28,2024-06-17 18:15:49.958227968
946,946,PayPal,105.6,2024-07-21 16:13:57.931535104
947,947,Credit Card,42.0,2024-06-12 17:09:38.879244288
948,948,PayPal,669.56,2024-07-23 09:56:48.910333696
949,949,PayPal,210.26,2024-06-15 13:03:44.444919296
950,950,Debit Card,182.33,2024-05-09 22:36:31.981044736
951,951,PayPal,31.18,2024-07-19 02:16:02.177140480
952,952,Debit Card,37.15,2024-06-15 21:48:04.592256
953,953,Credit Card,51.55,2024-07-15 14:04:29.083802112
954,954,PayPal,51.46,2024-08-04 11:03:54.793468416
955,955,Debit Card,284.37,2024-07-01 01:17:47.355310336
956,956,Credit Card,40.76,2024-06-18 04:29:07.430901504
957,957,PayPal,75.57,2024-05-29 19:50:55.546631936
958,958,Credit Card,104.97,2024-05-14 02:03:08.854994176
959,959,Credit Card,23.76,2024-07-18 07:24:17.575032576
960,960,PayPal,338.62,2024-07-13 22:53:12.144065792
961,961,PayPal,110.36,2024-06-03 13:09:53.493912832
962,962,PayPal,344.48,2024-06-06 03:32:18.427518464
963,963,Debit Card,111.22,2024-05-12 15:07:46.860837376
964,964,Debit Card,89.38,2024-07-01 17:34:25.158232832
965,965,Debit Card,38.36,2024-08-02 04:33:10.161198848
966,966,PayPal,864.0,2024-05-05 20:22:25.661197312
967,967,Credit Card,28.76,2024-05-07 19:39:54.154382336
968,968,Credit Card,23.98,2024-08-03 17:42:46.366013952
969,969,Debit Card,107.5,2024-06-28 04:46:49.299145472
970,970,Debit Card,1508.54,2024-06-27 14:54:08.766618624
971,971,Debit Card,17.99,2024-05-09 13:36:35.885706752
972,972,Credit Card,8.38,2024-05-11 17:17:04.020059136
973,973,PayPal,123.64,2024-07-17 20:10:35.805750016
974,974,PayPal,710.51,2024-06-01 00:47:23.619465728
975,975,Debit Card,129.54,2024-06-05 03:05:07.798234624
976,976,Debit Card,87.55,2024-07-19 13:19:18.742394368
977,977,Debit Card,117.54,2024-06-01 17:09:18.063514624
978,978,Debit Card,67.19,2024-08-02 11:34:06.475603712
979,979,Debit Card,23.98,2024-08-05 17:35:21.728439296
980,980,PayPal,72.0,2024-07-07 15:48:01.173676544
981,981,Debit Card,35.99,2024-07-02 06:01:10.910882560
982,982,PayPal,28.79,2024-05-18 02:39:31.877435392
983,983,PayPal,418.16,2024-05-14 00:15:45.375890688
984,984,Debit Card,136.76,2024-07-09 09:43:04.949314048
985,985,Credit Card,0.0,2024-05-29 07:16:18.687996928
986,986,PayPal,410.36,2024-06-06 10:30:12.044126976
987,987,PayPal,9.6,2024-07-03 18:59:23.090632448
988,988,Credit Card,0.0,2024-05-27 19:40:10.074502912
989,989,PayPal,37.16,2024-07-17 17:19:12.344794112
990,990,Debit Card,172.57,2024-07-23 12:26:32.600326912
991,991,Debit Card,29.99,2024-06-26 18:52:29.548228352
992,992,Debit Card,107.76,2024-07-28 22:13:09.912100352
993,993,Debit Card,115.18,2024-06-30 21:22:05.477858048
994,994,Debit Card,157.01,2024-07-02 21:51:12.253312
995,995,Debit Card,37.2,2024-06-13 08:26:01.594376192
996,996,Credit Card,238.32,2024-05-19 19:57:22.226114816
997,997,Credit Card,35.97,2024-08-07 17:21:52.330092800
998,998,Credit Card,0.0,2024-05-15 22:32:46.873605376
999,999,PayPal,107.97,2024-07-05 12:14:04.138000896
1000,1000,PayPal,54.92,2024-05-05 15:23:59.988905728
