UserID,Username,Email,PasswordHash,CreatedAt
1,stephenjacobs,stephenjacobs@hotmail.com,aa26c6e301ce44349d4011a669083e7fee33da419a25d9765849036a2f52bf4c,2020-06-03 23:46:56
2,burnsjessica,burnsjessica@example.com,3fbfa9f3312f352b06d7a0a5b65d37c66123c14b08ee25ac56ac52d824fedae1,2020-06-04 23:46:56
3,april03,april03@hotmail.com,ceadfc7a0d008ac84dddac919ecfe5081afe0330fe52f041080921faf49b84fc,2020-06-05 23:46:56
4,michaelwagner,michaelwagner@outlook.com,08155f13d0f900bf3b9284051ee4950d9d7d1dc29b2fa39da9e872ab36d40adb,2020-06-06 23:46:56
5,kristen90,kristen90@outlook.com,f4ebbc35bbbac328fe0767e44e974979802f056df569c6ccf4450fabcd46bace,2020-06-07 23:46:56
6,thompsonrichard,thompsonrichard@outlook.com,4d7724657bf7d2a1fba2bf359fc6fa573cbf003ca53efaa370a768f4de7c641b,2020-06-08 23:46:56
7,psimon,psimon@example.com,edd4e059774c423255c3d519ab6b57e9c2d041ee0749bae1066f3dd71dab8f55,2020-06-09 23:46:56
8,mendezcatherine,mendezcatherine@yahoo.com,5cb12b2b92a0a6fecb98559ff284c8781e1017d0d87f9f5076143de8caa00675,2020-06-10 23:46:56
9,sydneyreyes,sydneyreyes@gmail.com,25f3044aa5c0569cdf36296c071da79562b0e98a47517266e22ef957530c2788,2020-06-11 23:46:56
10,sgrimes,sgrimes@outlook.com,aec8d5acdbe3330776f6d73662651a25fa45d1d53bfd76242ebcc553bfcc7f81,2020-06-12 23:46:56
11,jessicahall,jessicahall@hotmail.com,1777b20d3ad56714dbcdba28d960a6e932b0ffcfb2ffcb9a69acd809b1f1641a,2020-06-13 23:46:56
12,gdavis,gdavis@hotmail.com,f4b28d42884fe05c826398626b4b2344fc5887f8b15b5b025147ac7f7d7f30e6,2020-06-14 23:46:56
13,ashleyhoward,ashleyhoward@hotmail.com,de72e84f21df1b93952b1a121e0c6ca037d0e76242fe34efdba6c99a41fa49ec,2020-06-15 23:46:56
14,aallen,aallen@yahoo.com,6511e8e05dd8d8f8a00fb488d28c6f0e7988f1ed621fde57a6a703193b7af478,2020-06-16 23:46:56
15,jacobgeorge,jacobgeorge@outlook.com,6679e1ad61492693eba0599bb3ab885bcea58d74d6cfe1c79ed18509b9e49fca,2020-06-17 23:46:56
16,charlesdiaz,charlesdiaz@example.com,3aace894d980334765c2b0ebd7bf6bd5840122b6bdb74141c3842af6d980a5df,2020-06-18 23:46:56
17,simmonssandra,simmonssandra@outlook.com,be144ecba42db7810e335f89c642c10cd5869fa7d3116d75680bd265b48477d1,2020-06-19 23:46:56
18,kristine11,kristine11@gmail.com,d9d2eeb41eabe73d6ba6f1f7f5ee4a298ba0cc44127277e23a4c33ede95d81f5,2020-06-20 23:46:56
19,jacqueline83,jacqueline83@hotmail.com,f0b0927dfc6f4609ebe183073f1c58512bd5067311529ae6b2b1a3ef8bca8378,2020-06-21 23:46:56
20,kellygonzales,kellygonzales@example.com,418f67013f3f6294bb84842504c6328fe18b42a6329e4c581288001f9eefd1c3,2020-06-22 23:46:56
21,gcampos,gcampos@outlook.com,8b9d6b90fcf1225bdf940323511de7f337758ddb6d9d4dc3773c77eef25cf3b3,2020-06-23 23:46:56
22,jordanronald,jordanronald@example.com,319dfde54f55c8884148e41f675fb8d57e08fa882ddd05c344109671f95169aa,2020-06-24 23:46:56
23,laurie02,laurie02@yahoo.com,202fa4d0ef5c38ca1732fc2452fb2d7a8033c68f9d60278f6ad9e823f886d26a,2020-06-25 23:46:56
24,ujackson,ujackson@outlook.com,3fc495be7984c17d6ffc7f8b12f9e0377e7efc0c26a4194a1fe8e0d87cca7377,2020-06-26 23:46:56
25,brian80,brian80@gmail.com,adebb8f8ca489bf222e324f69c7e9334ebae5bfd92c82d7a2acf0b4c43da6b56,2020-06-27 23:46:56
26,glucas,glucas@gmail.com,94398d100a177f08bd934073992ca845280d9d313e063332f8b92a11ab6a6a2f,2020-06-28 23:46:56
27,fordkevin,fordkevin@example.com,82839f7deadd9c90dbcb033b1b14757377e6c243d3df98ad6428c2439ec18cd0,2020-06-29 23:46:56
28,gwilson,gwilson@yahoo.com,4468a97f28e5a1e98016a1b9281ed988e464ed2d5f1273b60360f4c550314909,2020-06-30 23:46:56
29,joshua07,joshua07@example.com,0e4fb61a1a8b03fd50e5a57ca715bd87b0fa8ce7a3a80382f2af5e07a64ef713,2020-07-01 23:46:56
30,aduncan,aduncan@outlook.com,cb03c92415a4449ec6245d26f3c180899ccfcad440ec6700c44c73f22825ee21,2020-07-02 23:46:56
31,robertdavis,robertdavis@example.com,eddf9c10f70719ea8932c72c0e4d678ee4de399f531ccd8a54f2b4abb653f978,2020-07-03 23:46:56
32,zhansen,zhansen@yahoo.com,945450883961a79fc533b1373be626add79694817289701eca0b7eaf88c03b6f,2020-07-04 23:46:56
33,robert77,robert77@outlook.com,c9f4ab31a7a025c9ea6caa7316ef9245129774165e1c1e5235b21840adba5f21,2020-07-05 23:46:56
34,chadphillips,chadphillips@hotmail.com,20ed80be447007ae01fdba4969f22e7095490a3b76bf44576f743ebc43797bac,2020-07-06 23:46:56
35,andersonjohn,andersonjohn@hotmail.com,91d6c7f313033d42a593407fa60eab71615b5dae32fde1fd9b302c1f1cf27a15,2020-07-07 23:46:56
36,dodsonhayley,dodsonhayley@gmail.com,68f408e5092740757868f95bd26d6bf41234465152a3467bfeacddf8880e217e,2020-07-08 23:46:56
37,leslie54,leslie54@gmail.com,4ecd2428531b375eec7194b50866f1c16454036c35c6674ec9a2a450270a176c,2020-07-09 23:46:56
38,margaretshaw,margaretshaw@gmail.com,84c61ddeddb794904f62b49ab4256973297d501cd312237719c0bf0f65aa73d7,2020-07-10 23:46:56
39,dgarcia,dgarcia@hotmail.com,aadb10060480c5c5ebc681cd25bae7b433c3aa435d49c724eb4af9fac540dc3d,2020-07-11 23:46:56
40,kevingomez,kevingomez@yahoo.com,1c60c16c51b8fd6b3aa6969c3092fa337c739862fb02e9225212f521a4519741,2020-07-12 23:46:56
41,bradleybrooke,bradleybrooke@example.com,af4f7245d38a022fa626b11837dc306dab1e63d3ab7f92741d462ba1f1e6c01a,2020-07-13 23:46:56
42,patrickmiranda,patrickmiranda@example.com,bee0114f8da66bbe0eab5e43d792be7d40e3bf60090223ab1249dbb4f52b45e1,2020-07-14 23:46:56
43,harveykeith,harveykeith@yahoo.com,83843bcbd230d81c8a9bbce3592a7d9c1a4952046c5cb7db879a0ff13a09d87a,2020-07-15 23:46:56
44,shelbygonzales,shelbygonzales@gmail.com,fcf5175f6d8d6cf3fa7f1f3c66a424efb3adc9e0cd49cb4c867eea1168f366f8,2020-07-16 23:46:56
45,portermike,portermike@example.com,3fb8ef4c9b19b04eab261f5e6ae48941e368daced7d24e4ec4d117b1122961fe,2020-07-17 23:46:56
46,deborahcox,deborahcox@outlook.com,7f6a0e9bc71ec72524af7d93b72afb860b47f8dce6d30ebb2b6f6df6ad08ccd3,2020-07-18 23:46:56
47,robert64,robert64@example.com,aa87a0e40d5d110f954fc32dbe278290ed01e8c5998d5cefe5b94e28a0f3ce81,2020-07-19 23:46:56
48,nicholas73,nicholas73@hotmail.com,d7e7fd09626ae8c3a2b98c4598c6762a7d04a7dac9c5f905fbf03b69cfeb8830,2020-07-20 23:46:56
49,burchjohn,burchjohn@hotmail.com,75f7550e2ca5c49b88d3f9f1c365b4fa2582b7382a4e8a7a9275c023b21ff4f4,2020-07-21 23:46:56
50,wesley06,wesley06@hotmail.com,32a1361d2228ae1cea47b2d919e0db18a7ecd7f2a2b957f571635602897cf737,2020-07-22 23:46:56
51,melissa67,melissa67@hotmail.com,84f4278fceef9f5bea014972ca647ad6371d54c8ffa5fa9d1cd776db7d1ed6d5,2020-07-23 23:46:56
52,robert27,robert27@outlook.com,fea1618e6bebc08faf8dcffa32a25c71f775ca034ee1ac21e17720e390d095d3,2020-07-24 23:46:56
53,aliciaharrison,aliciaharrison@example.com,64e0fb40f3f27a9335577c23f4451f097edb3370c4a2a8ba41fa36e63244c3e5,2020-07-25 23:46:56
54,gomezjeffrey,gomezjeffrey@hotmail.com,5d8843c04abf7f773d0d6e86f7a2e2b70414a249be44fa32a130a72956f24930,2020-07-26 23:46:56
55,riverachad,riverachad@yahoo.com,0e2c7f89e7144c3f5f1de595c9b473c7b12ace2905c3000b2cb70b6b952e9011,2020-07-27 23:46:56
56,michelle78,michelle78@example.com,814f64e0a154e723711a9b0427e11f80f07b616e6e51ce66166cc40440c1ffe5,2020-07-28 23:46:56
57,wpierce,wpierce@outlook.com,81c3424a5f72b2ac167fccf909d2e0f313855981e836ce5961f4772b8abce2b4,2020-07-29 23:46:56
58,molly16,molly16@outlook.com,9ea8a75c86be44676dc468d4211908b970dc2115c451cdb3b3f54677869080cc,2020-07-30 23:46:56
59,awilliams,awilliams@yahoo.com,ade82376f716231f236eed996fc1814825ccc7f5ff6b3821cc21a9e7e7443560,2020-07-31 23:46:56
60,alisonlee,alisonlee@gmail.com,aeeef4862cd31dedfb9f862f6ef7125db1d8916ba518d2e99a4ef4badf8b6756,2020-08-01 23:46:56
61,maldonadosydney,maldonadosydney@gmail.com,e668a582259f6c2d43f0f64a21aa99d7501e561c35b84452d5ca19ecfef039c6,2020-08-02 23:46:56
62,tduffy,tduffy@yahoo.com,359e8ad65cdfa75f0004699f1fe2f69a9078a36e34841cecf6cf65c53ef01640,2020-08-03 23:46:56
63,amber37,amber37@hotmail.com,4a08a7beeaa787639f8abd034152b358a5e32baedb3a293e7918749643c80f41,2020-08-04 23:46:56
64,fjacobs,fjacobs@outlook.com,a0b5c732a034fd46d343ad66de323e3c69876a9e20a2821de3facdfe4d6ea977,2020-08-05 23:46:56
65,donaldcervantes,donaldcervantes@gmail.com,058c874f992aaa6ee7561953faef0091be6c864d820471bc6159ee7edbb9c172,2020-08-06 23:46:56
66,jacqueline26,jacqueline26@yahoo.com,63f14492b1f0fc9d1e7abb11ac77b635f89360674eccb88eb266166b2acc4d5f,2020-08-07 23:46:56
67,uray,uray@outlook.com,93b2780dbbc5cf26aa8da9c48ede2eadda5b2a846e27045caafffa7a11fd058d,2020-08-08 23:46:56
68,xrobinson,xrobinson@hotmail.com,8c40897e0e2758eadc5802408b0a01494a7f749e9c2655bb7d6c6888c4dca867,2020-08-09 23:46:56
69,craigtara,craigtara@hotmail.com,da94048a8c066143323ddb7c8162d36b3474d3dd892c6e7ef87d3286f890d895,2020-08-10 23:46:56
70,boothchristopher,boothchristopher@hotmail.com,ec5fcfb1afdce5e1fc49405cab075a0c8f89ba1b99be3b0891f0411aac2da88a,2020-08-11 23:46:56
71,margaret32,margaret32@yahoo.com,26909ad4b19193916efd7783ac93d19868c11f1ead4ac7bc2f378a931f1bd857,2020-08-12 23:46:56
72,carteralexander,carteralexander@outlook.com,6489a0d9e7770fc97f4c0d2f208f6f5d1d8dde44d9d750a9571aada95b8ff115,2020-08-13 23:46:56
73,stevensonsarah,stevensonsarah@example.com,09b830f2467d007f055f1104c18d2c87e75d855cadeacba2009c4fca2d481792,2020-08-14 23:46:56
74,nmitchell,nmitchell@yahoo.com,aa5ea32906937465270103b4c4776f8baaca65e05c49c2b14d5d5f92ea297654,2020-08-15 23:46:56
75,hansentodd,hansentodd@hotmail.com,0ffbd8aed4705fb2fffda1b91c6f591f5bcad81d6e729c2b673fbebbf99d11bb,2020-08-16 23:46:56
76,hcollins,hcollins@example.com,166eaf4aa060955ac969af346863b82ef114220a1fa6eb88c5e0009800e04172,2020-08-17 23:46:56
77,jenkinsmatthew,jenkinsmatthew@yahoo.com,7663b60a6aa53f7fb8708f8b389f1bc0b6b3f5bfd39e8ffc3290ba67922ca979,2020-08-18 23:46:56
78,meganfletcher,meganfletcher@hotmail.com,f7c3a5fa6263eff71e00834aa4831d847a182ebed93255630d726dc5b28ca1fb,2020-08-19 23:46:56
79,westlinda,westlinda@yahoo.com,be293662dd0044b50c0e5d3f25a69d85569414fc8d4dc4494de9b532ff06b418,2020-08-20 23:46:56
80,zturner,zturner@yahoo.com,15f82c4c83b953076a5d4e6ec600ea686ca275c72d4a3a4fadf474578eeafb9c,2020-08-21 23:46:56
81,xcain,xcain@outlook.com,f4bd1ea01abeb8705d08c51269078980862154cad4248e4efee253fa796e408f,2020-08-22 23:46:56
82,bartonsandra,bartonsandra@outlook.com,bc7e68dc6306cfc3a0e5d0ed618cf2f06ab06d4cac1de40a97a6faa95ac2ef34,2020-08-23 23:46:56
83,justin75,justin75@hotmail.com,c3440ca84c1c71299e86de22cc1ed1728dd09d50171c759879a6b131161b6a03,2020-08-24 23:46:56
84,coopermichael,coopermichael@yahoo.com,cf98833324550cfaa107a56535d2da350f314f51771f9f343cda0d9f2aaf4e47,2020-08-25 23:46:56
85,sriley,sriley@outlook.com,74bf9b98acf31412580819cd826fa2ff5b07062085b91595d69ee2f8f6b17820,2020-08-26 23:46:56
86,upalmer,upalmer@yahoo.com,91fa6577a7f7f3f9bf9f10b1ee089e21ee557f0de323bc9c5fd0b68269d0b192,2020-08-27 23:46:56
87,mayerstephanie,mayerstephanie@example.com,41e5ebbabb7ce4a2111ae38132ee752f6a7ba0c6f77ed012df21e122e7775f0f,2020-08-28 23:46:56
88,hsimpson,hsimpson@yahoo.com,e5a0e9077329e07d4a5c6ce2c952f1e0e4360a00dfc4d5a35ffd5ed516c7a27c,2020-08-29 23:46:56
89,reyesjeffrey,reyesjeffrey@example.com,1d7d2f188c0c6426f74170e494b4203582eb8d2e2935378d305ee60cceb09451,2020-08-30 23:46:56
90,shannon34,shannon34@hotmail.com,77e1a21f99b1ed9f847d1bd5a76b97047d9f40e6366857870e08e9c2c6453105,2020-08-31 23:46:56
91,ujohnson,ujohnson@outlook.com,a0973d4ed4b11d7b478ed4c184d74241000960b85fa68529b28163e892c7bab4,2020-09-01 23:46:56
92,harringtoncorey,harringtoncorey@example.com,8e62da1114be18455a4771186acaeee1e038e56f6de67c8b7df55c7d3bfab6ab,2020-09-02 23:46:56
93,smithjoseph,smithjoseph@gmail.com,6aaca979cfd88aec1bfb052c8c946e9c25273885a8872f640879ce737e6de935,2020-09-03 23:46:56
94,jennifer65,jennifer65@outlook.com,e0c2e246a253b1a13f14540e213d282853cb2ab931b84984afe8e402c1821bca,2020-09-04 23:46:56
95,vharris,vharris@outlook.com,41f94f8fc6e9f533ce6b14ee8abb0961c1617677ff3a733a5d2f930c2eac0513,2020-09-05 23:46:56
96,randerson,randerson@example.com,ac071a95e9c6a28f2e3490edcd5505dba2e214ceebbe260e1de9171ae95a1b20,2020-09-06 23:46:56
97,robert83,robert83@hotmail.com,b620230275f47c32cd1753dd69307a82c257b225798a84bfe7eafd7b340f81e1,2020-09-07 23:46:56
98,hallbonnie,hallbonnie@yahoo.com,de4ef68e7c9a9b62c1e412b2e6a4166bdc1e9135ac7ffce336c967e69b234de8,2020-09-08 23:46:56
99,mlarson,mlarson@hotmail.com,34c81441971555a0f75d81939cc65306955c7e3343cc0811a613b251744c47fd,2020-09-09 23:46:56
100,rodriguezroger,rodriguezroger@outlook.com,ebd1e27603cb7dd517ee80aa6822840d146ce63e9ab95594ccccfb8977ed8cff,2020-09-10 23:46:56
101,kelly73,kelly73@gmail.com,6646d8488549b52a57abf215aa74e59b492e387cbcff71c513963997434b5bfb,2020-09-11 23:46:56
102,charlesreyes,charlesreyes@yahoo.com,831ea5de0fcc2ad8bfb9a60a4c56e2689e8007114777fec4a111daf14156be0b,2020-09-12 23:46:56
103,whorton,whorton@outlook.com,b38985c006443fa240b513f3afb9226aaa26c19d70e4a94067df921f6efab08e,2020-09-13 23:46:56
104,jack33,jack33@example.com,89394d602c37769a2fd187d11da481e695b4ff060adf8d4e7d7959a58e07629f,2020-09-14 23:46:56
105,dward,dward@example.com,2dfc3ab71e3d8eed6f70cbb3e77ad9833841b1800f954875a89fca07dfe16125,2020-09-15 23:46:56
106,ashleythomas,ashleythomas@hotmail.com,330cb035cb13e565730cc5a9bb85ac466c27b144dc0f0bd4be71c0c7362234fe,2020-09-16 23:46:56
107,brandon18,brandon18@example.com,16f05f9e63b22178e4edeba39c2fa247b7d187012ac51452da1deef7e239e032,2020-09-17 23:46:56
108,ldaniels,ldaniels@yahoo.com,d06585785c6eb356fe76785b22a73c020dfe1737eeb4684526fa8704a296e2e6,2020-09-18 23:46:56
109,kellithomas,kellithomas@hotmail.com,9407e018b4ba6d90036d0c596b523b2c3409986ed560a58b3230c6d8702ef69a,2020-09-19 23:46:56
110,carol08,carol08@yahoo.com,424d2d14db4b4a341b25ccce22937c998e915d9cb8572239ecd7fff5f5c5d157,2020-09-20 23:46:56
111,heathermurray,heathermurray@hotmail.com,bf9683351f15eb92fb52b4112c12a26ca1d1270e5ca595decd77029490071177,2020-09-21 23:46:56
112,michaelclark,michaelclark@outlook.com,0bd2cc29252c434ec07681eb35a4e58c7617d3bb47000b42d2b242b3330b4f78,2020-09-22 23:46:56
113,ldowns,ldowns@outlook.com,68fc6ef782e230aa42b6bfe85b9327589f6a1c0dc545f31a176dacbb3c3b30ab,2020-09-23 23:46:56
114,thicks,thicks@yahoo.com,fd7fcb286311ad71488f21791fdd8ca624d306d23b4418f7bb83a59a4a850a67,2020-09-24 23:46:56
115,ghenderson,ghenderson@outlook.com,c90f84309154ef46aa61abdf1d92a89c8a87aee1935d6c8968d1e9a28d7ff8c4,2020-09-25 23:46:56
116,michaelroach,michaelroach@hotmail.com,7cf997fae0a21b9d1b349d579d99e170d6c4a754d7c555bbc95eb04193ab4b0f,2020-09-26 23:46:56
117,swilliamson,swilliamson@gmail.com,143041a2654ca33de9c4f1dab0514f04ad9913fb31a3516e627088f1f8ebb822,2020-09-27 23:46:56
118,sharon49,sharon49@yahoo.com,9db7deb87ca6dff26eb0e6b4218601bdb28564fcb2b0226bf9224de7d5374a2e,2020-09-28 23:46:56
119,deborah68,deborah68@example.com,47c69bd419ac1ed6c698950be9d0ccffe7a7da046f73faa78546f2521dca522d,2020-09-29 23:46:56
120,diazchristian,diazchristian@outlook.com,060677ad7fbefcae38c7246786ce09cdb930da341f595f23aa5f26a255d690df,2020-09-30 23:46:56
121,perezmercedes,perezmercedes@outlook.com,c008c6b82c26f3ea67f418e540b30843544abfa41c26de085bce04ce3aff3034,2020-10-01 23:46:56
122,rgrant,rgrant@hotmail.com,e7b5ec9e5faf40f06f52a76c20900a9dce3c60c481a05b2727bab1d5d6eebc58,2020-10-02 23:46:56
123,kathy47,kathy47@example.com,b4c948da2354bd60809a7571bd2671c44736bf64666263a08054b243d680aa83,2020-10-03 23:46:56
124,parrishkatherine,parrishkatherine@outlook.com,e13928b66d84a160f02393dae9f467df16fbfc4cb2c92ef72ffe644d07a18217,2020-10-04 23:46:56
125,droberts,droberts@example.com,416a960f222dfc6cf7420897e92998593474acaa3c18fdb5be10b77826e7e814,2020-10-05 23:46:56
126,justinfox,justinfox@yahoo.com,484138d94c4a83f7a584de70f0c88e6eabfe64cca0b89fec9117d07a21e5be27,2020-10-06 23:46:56
127,michellevaughn,michellevaughn@gmail.com,e3e813dc5c0e4f3b0980b163f4469c392c92f7f237291e6b8f4be6f844a044f9,2020-10-07 23:46:56
128,smithjennifer,smithjennifer@hotmail.com,1ecd22ba29a543f93e027077cf573719d5b5d87e355c559555abeb40010755e0,2020-10-08 23:46:56
129,squinn,squinn@outlook.com,3303043759d5a360328de6b5b07dd866b14b9072e738fb65c9cce6c86bf27bce,2020-10-09 23:46:56
130,beltrantracy,beltrantracy@yahoo.com,1b9fbaf64e2ae67b914635cfa6754494610fc041e0828449ed9290bc332c1e92,2020-10-10 23:46:56
131,browntracy,browntracy@hotmail.com,013bc6e51132d2df5b1d4c7d1502a948f5518266567f1233d71cb9e4eb5bc2d5,2020-10-11 23:46:56
132,scott81,scott81@outlook.com,b228d6672ea27d3ed24c3b49fbd3e6ccacd3d54efe0d98052aced1b67d8177d3,2020-10-12 23:46:56
133,sherylespinoza,sherylespinoza@hotmail.com,636cecede2de9ed5132b1ce24c13e6e9ce34f154addb27e392865e9206bcce5b,2020-10-13 23:46:56
134,justin92,justin92@hotmail.com,ec8daddfad0fecd21a7e396d83e8704151aaf51106ac02362aa18053668c0470,2020-10-14 23:46:56
135,jeremycarter,jeremycarter@yahoo.com,c930d803cb955e61896b6a2219a35856717baa93a13de9054515d1d6ab42f4ed,2020-10-15 23:46:56
136,xcarter,xcarter@yahoo.com,5b6c88e86e98fee8b7747da01756ed7aaac515f0a31d38859325775789b947aa,2020-10-16 23:46:56
137,jdickson,jdickson@yahoo.com,2a5e85c5b8bb096f093e7ca20b4973a5cb4ff0be8cdb4e0dc989e6d36e1c4f05,2020-10-17 23:46:56
138,isaiah91,isaiah91@example.com,2d670b5e4fa3b7a2536dfe1869e78e25f24f0d7a41228e6e7277339dd6647221,2020-10-18 23:46:56
139,janehill,janehill@outlook.com,9c383783dafdde571ff6c90d9afa380f9c371e37b7dc6be6d83ab30d849ebd31,2020-10-19 23:46:56
140,sean32,sean32@outlook.com,599e10e6502072b67169d79b62bad1e2079a526253d8c9ba78a08aa572873689,2020-10-20 23:46:56
141,mcgeetracy,mcgeetracy@gmail.com,fa2fd5b63d8b57e8d1d1f457c8064e09605f63d674dfef860721242b16b264dd,2020-10-21 23:46:56
142,jjenkins,jjenkins@gmail.com,53996ff8966e083149be3b4066e845b42d16f1ebc83ab3bd9173f5ddc5eb47cb,2020-10-22 23:46:56
143,jamesdean,jamesdean@yahoo.com,df9c658eb0c496e62b9eff0f082c3b7f6e926826686e758b25daed3138a211cf,2020-10-23 23:46:56
144,ghodges,ghodges@yahoo.com,6f3dd56efe5c89878dac9e31de4c8d03bd0cc9fa1f4d59bbe7b22510dab22872,2020-10-24 23:46:56
145,millervanessa,millervanessa@outlook.com,efd52e486af5d1094d28f7c3ffb777403e7e6fdb08717d3790bb24a7576fa1c5,2020-10-25 23:46:56
146,tlozano,tlozano@example.com,d5a0a41c3a4d9143d2e126e8f62ea1601830dabb0d3f799e5365130424c947c6,2020-10-26 23:46:56
147,clarson,clarson@hotmail.com,0a9c5f9f7ff54803b264bd7730994584b6bd3ca77235a2dac2bb34a5dc4bec63,2020-10-27 23:46:56
148,wilsonanthony,wilsonanthony@yahoo.com,9f86ae8a7876f29249bd6c85c4fa94c0e0984cffda28a4fe3bd0dce62fcf43c7,2020-10-28 23:46:56
149,justin43,justin43@hotmail.com,b2a1ca56da0d3cc86c21f832671910574584cd763bd1da257d1e57a3811d50ab,2020-10-29 23:46:56
150,thomascampbell,thomascampbell@hotmail.com,7a95aca41a5ada06a9e9a0033c76370015ae517752afa7519e1ab96d6473c47b,2020-10-30 23:46:56
151,danielsanthony,danielsanthony@outlook.com,cb6d57f44160d0dada496492d5c17075780a5371a4599d5b7b242a879494a53d,2020-10-31 23:46:56
152,mackenziefranklin,mackenziefranklin@example.com,5f7901e3014a78b921ea88b65372a65c1a7a38cc67e58a69d97c748056ad3aaa,2020-11-01 23:46:56
153,david93,david93@gmail.com,f6b58fcee72253cbee1eec30e692c01c243b88ab273f6639961f2eb7a78c1edd,2020-11-02 23:46:56
154,fostergloria,fostergloria@yahoo.com,ff5d7d99192649580b13d294e27eb98458fb6a7f7229c91ddb06ccbf9cfc05f7,2020-11-03 23:46:56
155,rschultz,rschultz@example.com,422b3e071468d8dce10f57bc7031e8b4691fa64da40f4d132316663d4acf3ec2,2020-11-04 23:46:56
156,sstevens,sstevens@example.com,f4c5a0e883ac2ff08ff2d45070a0c9065d930a6e90960ddad2b2a38c2b49a635,2020-11-05 23:46:56
157,comptonjohn,comptonjohn@gmail.com,c8447250f4b6f1b9c558298a4077014a3d0a885f6934316a39f23675e90a37b0,2020-11-06 23:46:56
158,nicole23,nicole23@hotmail.com,36f3d1ccedba38c85b5cb7a7a1ab5af36a700311ef1497cbd95b173638793353,2020-11-07 23:46:56
159,scottsusan,scottsusan@example.com,8aa4ff8b8fd0e05b67e08e2f54ad244eec771d529f232b5d0a2f4fbb42d5ca2c,2020-11-08 23:46:56
160,hwalker,hwalker@gmail.com,b325127cd412bee10e003ac151e862832c44970141c87238fb93aa273226aa48,2020-11-09 23:46:56
161,aaron85,aaron85@example.com,08161d5551deed6aa34898f18ef2be4777ec941b83482b5c6f639a7117eb37be,2020-11-10 23:46:56
162,julie81,julie81@example.com,4fb76050dea5816a09188abd6ed1ce1dda22783f8d8be840e099f7ae83211a4a,2020-11-11 23:46:56
163,gstevens,gstevens@outlook.com,5e86b3807bf33cf8d640a8e4f1028d23adabfc7422f5a8883b14e6075d754042,2020-11-12 23:46:56
164,edwardslauren,edwardslauren@gmail.com,d74868a916c845496b07ec89fff5345c0d3cd6adfb352abd5630fd6f27b359b1,2020-11-13 23:46:56
165,gordonjoseph,gordonjoseph@yahoo.com,06cb642c671890ab02a4e676ccc54371c92d68353b3f508864b095881f5cbc87,2020-11-14 23:46:56
166,wglover,wglover@outlook.com,a8e265cbc0e20198f05a555753eaf8ea829e54ceda66f8f14a1f31fb53f305c6,2020-11-15 23:46:56
167,wwheeler,wwheeler@gmail.com,f2295c66dafa512732e42f67292b95c351de655fecf3cb8892723378841b94d4,2020-11-16 23:46:56
168,kimberly70,kimberly70@example.com,f3fb6859138313e69785690aa2057e5a26e57c4b51159a9a8decd8f3a06174dc,2020-11-17 23:46:56
169,rspencer,rspencer@hotmail.com,658116d74b43b14f205c52c705051bcc8e66110aad4228a21d63a9ac46c94748,2020-11-18 23:46:56
170,kent97,kent97@example.com,6d05568eb37718764bb58af8d26a567bfeb73a45f643fc381caac418295062dd,2020-11-19 23:46:56
171,willisjoshua,willisjoshua@example.com,591774014039bf4791bf0d19f345287a5b31d2904fae921fad5e4a194f8f6cbf,2020-11-20 23:46:56
172,hollandalvin,hollandalvin@hotmail.com,374c5d69fc5a2f7ca1c81e897fda78ad6e9b6ad5909653fe384363cc92fb310a,2020-11-21 23:46:56
173,christopher97,christopher97@yahoo.com,f258d35a86fa4db086e5f0efccd4c9a682df9948d026e28a8d280b1c6cd30b20,2020-11-22 23:46:56
174,michael97,michael97@example.com,86ff78ba191b2d018a2e24565e47898bd1e9898a610d912842bd1f64566d749b,2020-11-23 23:46:56
175,boothruben,boothruben@example.com,e057407428b9cac57d866980bf4c33c6cf5bb0b8ef213e99b2b81f9307c8364a,2020-11-24 23:46:56
176,fredericktaylor,fredericktaylor@outlook.com,98093df35edb3621f5a4b9a3c8bbb0e2cdce57ce9bdb732ef16c9d11be92e8ff,2020-11-25 23:46:56
177,marvinsimpson,marvinsimpson@hotmail.com,f169b08b34502fafa5f2c14f39de6925587b885a695be2758c949f798800484b,2020-11-26 23:46:56
178,nicole07,nicole07@gmail.com,e2325387d1fcfb0807be46dd03afc8dcc1273ce82a2da58ef4d3639e39941b44,2020-11-27 23:46:56
179,nicholsonraymond,nicholsonraymond@outlook.com,056d3dc66176fdf4188fc69b63b2a18aa23de2c040f0aad1f2307a46c0a21211,2020-11-28 23:46:56
180,david92,david92@gmail.com,2bb7f3ef47a16ccd803c41054e18af9167a97a5ae2fa35c7546ab52d1252fa7f,2020-11-29 23:46:56
181,patrickbarnes,patrickbarnes@outlook.com,f556d3138912d3c82b8174e06036160ad8216524b28ea9d2057bccb4b6858593,2020-11-30 23:46:56
182,theresa67,theresa67@example.com,53af98d93ab8fff3b9ae602f44cde1a10e74036f06544cf480e8654561a2fd0f,2020-12-01 23:46:56
183,jgardner,jgardner@gmail.com,a2876a54849d7adce6c008cadd2c20df1c6df1b8a8b0f7d9c88d48a0bfba0d77,2020-12-02 23:46:56
184,anthony21,anthony21@gmail.com,e3c687bb1796f41f6cb3ef4ddf517f3d9c86547bb8959b27a905bfb907b017a6,2020-12-03 23:46:56
185,maureenmiller,maureenmiller@yahoo.com,9ad8d44b90f9c579fe81a96b9fd85759ddb537a78a1f601ce76404f697988f9f,2020-12-04 23:46:56
186,robertsondaniel,robertsondaniel@example.com,7aafb5480a07bf74e9f8bebd27b6e4775b6e781cd4e661c0e173a8424e0b1f56,2020-12-05 23:46:56
187,hrodriguez,hrodriguez@hotmail.com,63fb38d6d6bd0695683facd8584de11084674db8022fe74e62e237ee25af6ded,2020-12-06 23:46:56
188,johnjones,johnjones@yahoo.com,9d585ab9f748e3ffadf2a15906608d56ae94e8e2451fa32b5e51c4538da0e2ad,2020-12-07 23:46:56
189,rtaylor,rtaylor@example.com,a0220aa8f6338e8c526ba96d3ccf43f23e6baf40f5ebed330fb6669b7983f275,2020-12-08 23:46:56
190,gmercado,gmercado@example.com,bec74d34195cd114913c551bd8c6d679875c1d4b6aaa4a0219e00bef7eb7fbc7,2020-12-09 23:46:56
191,heathpeter,heathpeter@hotmail.com,44ab862db784146d5b1a3536775f2bdf7e0148376e39a0d6f8302451158fb36d,2020-12-10 23:46:56
192,whitakercrystal,whitakercrystal@hotmail.com,1ce2f1ff37970b1b4d5db820dd2f09c22828927f8f8242b54ea83c377bc521d9,2020-12-11 23:46:56
193,smithsandra,smithsandra@hotmail.com,db18f35419150258f7d004304c5d357774641e7319c60372c30a0354d4568d2e,2020-12-12 23:46:56
194,caldwellfernando,caldwellfernando@yahoo.com,1b8edef6a8bd01e110a1fd80e4a28e58f3540d744a10104dcbd0e22ac0dfcd31,2020-12-13 23:46:56
195,greenmolly,greenmolly@yahoo.com,f8e79eb2135120db0cdc69ccb0581a11fd544b02b32200fcfb484ea2871a6d0a,2020-12-14 23:46:56
196,richardanderson,richardanderson@hotmail.com,4f4151e26820d4eceb7396e064ee2d1d929b185f2b7c0cbe019599a4cb4acc9a,2020-12-15 23:46:56
197,catherineroberts,catherineroberts@hotmail.com,0474e5f0014c979a628117cd803bf42ce227db51e4316d1d1eb586cb49d87891,2020-12-16 23:46:56
198,frostscott,frostscott@outlook.com,1d40ecd07a3411984546ef0dd9a1cc7e6227727285bef52cd8fc3ca0640e8feb,2020-12-17 23:46:56
199,williamskelly,williamskelly@hotmail.com,3928c721b46de0c114775562830574fb25abc14fca9fd78fa418d22c10d65022,2020-12-18 23:46:56
200,henry30,henry30@gmail.com,006454dc7fc40d5f435996805c8ce034d141a6cccec59b324831ec1346c93cfe,2020-12-19 23:46:56
201,erichamilton,erichamilton@gmail.com,60e5a8f638b04a97e6010c1ca6d19e77897e51cc2afdc1f9c7f06dcfa7cf7ea8,2020-12-20 23:46:56
202,thomasmichele,thomasmichele@hotmail.com,58200f956d4008ea6a4d8c59af73470864c12b398ec488ca1d26719a9e4b5b92,2020-12-21 23:46:56
203,jennifersmith,jennifersmith@outlook.com,a548c0b05e971e592b70a09948649250b637cdf7f23062258a99196a0af32074,2020-12-22 23:46:56
204,harrisontodd,harrisontodd@yahoo.com,89d0de9a3c2f2e1a083f60e89304d90d131f616bd6343f530e1f6ab52f425140,2020-12-23 23:46:56
205,williamsonjessica,williamsonjessica@example.com,ef5ba7695ab43cdef67d209b954213c9c1068fdd2b6c97a6bc626ab9b714854e,2020-12-24 23:46:56
206,paulkristen,paulkristen@yahoo.com,ae3481bc475bad5bb3ea6221e57394e6d8d020440cd0df3fe13f31873135434f,2020-12-25 23:46:56
207,rdoyle,rdoyle@gmail.com,cadacc6cf61a791a84c3aa6741370fb923f95ee458329b3a946ec438b7a9f25d,2020-12-26 23:46:56
208,teresabishop,teresabishop@outlook.com,55d9547192b9cf0694877a50884372c662548d6e07659888bf3dd78065b724b7,2020-12-27 23:46:56
209,richardchoi,richardchoi@outlook.com,613c1be11a0089c0c725fcd605d187661eceaad274337932e48958e0cdcb0c31,2020-12-28 23:46:56
210,kmyers,kmyers@outlook.com,2c8a14c9b30d28baaec5de635062f9c05c6586058bcc90b4e561451255adb1e7,2020-12-29 23:46:56
211,nmcdonald,nmcdonald@example.com,630ca19cbde3956de611efbbf257806325bf29a0562803afcac7919cda134333,2020-12-30 23:46:56
212,hernandezjessica,hernandezjessica@outlook.com,de086da4ecf5ca7a88601ba268db7ac328f37ebf664bc19240872de1e6741754,2020-12-31 23:46:56
213,snydertimothy,snydertimothy@yahoo.com,d3170fa435cf69dd26b9be7f543fc99b1181b7e752cd9c7a9debd48c176dc1fa,2021-01-01 23:46:56
214,kellygeorge,kellygeorge@hotmail.com,95953bfcfcd971ae826e49eb013702fd99d302d6f37e8335a2f43a66d0f92765,2021-01-02 23:46:56
215,xmiller,xmiller@hotmail.com,df1a30f42807b101e0df6185a68abba777267942f55bea459135ee2d9f0e76a1,2021-01-03 23:46:56
216,davidjohnson,davidjohnson@hotmail.com,0ad576b5fb2e8d51aec61439610df2b266cfd61ab8f586ecfed8515428861e36,2021-01-04 23:46:56
217,ohernandez,ohernandez@yahoo.com,de8277c443fa377fe59cecfb07a087eb3a135dff89b8fbcde6fb851a8e47c970,2021-01-05 23:46:56
218,travis72,travis72@example.com,96af290a2cfad04f17a4c9d0ccc8b2854dbcaf7a40829100a26c56ffe139faab,2021-01-06 23:46:56
219,cmills,cmills@yahoo.com,bb06287ee2d4364e3224f2d3a8c340d831d5e8186ff4ec5bc415208df0e52590,2021-01-07 23:46:56
220,breanna12,breanna12@hotmail.com,aff11ab0c1b8ad1995291b5ba5a5f2c255843de8a236b4957a15d390ea568718,2021-01-08 23:46:56
221,paul39,paul39@hotmail.com,2738cbc7da27832d87597005bd5fe500c8ad6fab8dcaf6d85cfd984c69baa72b,2021-01-09 23:46:56
222,uwatts,uwatts@example.com,6eae9e5d24488fff049f5ffbadeb9d9374600aed628c20d31f45641b26c0abe6,2021-01-10 23:46:56
223,charleswalter,charleswalter@gmail.com,940c98ad417e7c49fbc15683e835022c05a60ac34fc22ddfb20e7c461434010d,2021-01-11 23:46:56
224,harmonelizabeth,harmonelizabeth@yahoo.com,803254c13c47e63c12c140472babce42b6bdd00137be0003e9368eccddd26e66,2021-01-12 23:46:56
225,haleywood,haleywood@outlook.com,dcdab88ceca7e2c1b6a97289e0b34385f4eea5689b744f0474afc0226973086f,2021-01-13 23:46:56
226,msavage,msavage@outlook.com,0572cd9795ebc6191a762b1660761efbf0dcfbb357e07923c886933639101aae,2021-01-14 23:46:56
227,swilliams,swilliams@yahoo.com,491ee02a51f167be66e4d77e275dc210100ae25c2549f3bec47a83abe271924e,2021-01-15 23:46:56
228,denniskelley,denniskelley@example.com,faab3275fb597d5ba8b1878b44aa5ff99fa33e2737a635a9fefbebbbebea1d59,2021-01-16 23:46:56
229,qrandolph,qrandolph@hotmail.com,8942b829cffd12d7d6730dcdf38dee3cfd9a333c972ae8cb770af54a49d10d72,2021-01-17 23:46:56
230,michaelortiz,michaelortiz@outlook.com,21fd12f39112d8744c99b6212e65a95fec4dc8606c7e3e3cb7cdb6641ebdf0ee,2021-01-18 23:46:56
231,robertsgarrett,robertsgarrett@hotmail.com,bb0a0cac7944bd324c84b3f62f7f03392329037bb9fc15c130ee4dda838530c7,2021-01-19 23:46:56
232,mirandasilva,mirandasilva@yahoo.com,8a111f0419005caf25528716773bed2dee3c58693ff00af65d05d9673546b11f,2021-01-20 23:46:56
233,billy21,billy21@hotmail.com,5d9350400b4b9a319861025acbc13172f8b66b7b4d4d009cad82c3298fc657cf,2021-01-21 23:46:56
234,jacob60,jacob60@hotmail.com,6858af68ba2618e05228f7a6bd46b3638e6083b8ee27f41045f1639c5dffd10f,2021-01-22 23:46:56
235,hmarsh,hmarsh@hotmail.com,cc4907c7ad4f292b836b11950adeceb4d8e061b1ee7c1678799962f86b1032af,2021-01-23 23:46:56
236,vaughnjane,vaughnjane@yahoo.com,f71cfe22c81c5d8bf1cc9f23a1a3051aea6da91b46bcfde7da3c8ca4fdb9bec1,2021-01-24 23:46:56
237,othompson,othompson@example.com,62c92b0fa4de2a5e4bbf08cc26a691a49d34e4993f3e2b292c48e080a526a308,2021-01-25 23:46:56
238,medinachristopher,medinachristopher@gmail.com,5e910b03a98d05d0e3aaa1cebd5eb8323ab46bd52ce60ea6a5f69c7252825170,2021-01-26 23:46:56
239,jennifer43,jennifer43@gmail.com,15872d611666f1efccce2e6c0a0cabe421af5d2e28324dd953ea94f535d39099,2021-01-27 23:46:56
240,christopher72,christopher72@example.com,a6c546d666b0ad7e47afb5089a5d645286b9b62290d034d7ab06bb25b8e93996,2021-01-28 23:46:56
241,colemandaniel,colemandaniel@outlook.com,89383860ee83eef8e97e12226e9b7eccf37969cfdbe8156a3092fd6c3426e285,2021-01-29 23:46:56
242,eric32,eric32@hotmail.com,52d9dcd26ab7112718edcfc9aa069fcf775f45e2f0319e034596cde2d230eb36,2021-01-30 23:46:56
243,andrearangel,andrearangel@yahoo.com,e37f857ce770828a4f3fd4b9f63f4cbe04df464d3f8eaf1eaa410c8e9c7342e0,2021-01-31 23:46:56
244,robertschroeder,robertschroeder@gmail.com,340fec92853ed836a339d6d876c9ad133b535bf7d5878cf3931dce9246288461,2021-02-01 23:46:56
245,williamskristin,williamskristin@outlook.com,6a8d145d7b3950563e906a094eb27d6480ea55803ef50efa4521b703c8005a50,2021-02-02 23:46:56
246,tiffany11,tiffany11@example.com,8b08ec829102dcc50d3c01cb6dad26ca153040d32bfa1cdf0f146d63d97279db,2021-02-03 23:46:56
247,chasepena,chasepena@outlook.com,47715d26f7377f6f4d7bb9011df0fb0c15b6c8bce0ef366f98fd7d2f06a6da00,2021-02-04 23:46:56
248,robert66,robert66@gmail.com,d1637a06f2697b6f0926602afce7d4c071ccd4822723834dbe123e895fda7bd5,2021-02-05 23:46:56
249,chernandez,chernandez@hotmail.com,ce1c69f5ca6a1ee99ff21fdde9ffd1816546c82851ab48c709eec5376e650e3c,2021-02-06 23:46:56
250,arnoldmary,arnoldmary@example.com,438ac9c7fe7033eefbf65a1c60a9aebb91e9b823eff7bd2bc0dfbd93ac111bdd,2021-02-07 23:46:56
